filename,text
fkn1sl.wav,"You could count every cookie."
42irnf.wav,"That works. But it's slow, and it's easy to lose your place."
46qeik.wav,"Is there a faster way? Yes. Look at the plates."
szaja5.wav,"When every group has the same number, you can count a whole group at a time."
o6hdsn.wav,"Look. Each plate is a group."
1jecimc.wav,"There are 4 plates, so there are 4 groups."
vtr56o.wav,"And each plate has 3 cookies. That's 3 in each group."
15w07ii.wav,"Now count one whole plate at a time."
1bjgqvq.wav,"3, 6, 9, 12."
svl521.wav,"So there are 12 cookies."
1ptlwvs.wav,"4 groups of 3 make 12."
a3638p.wav,"We write that as 4 times 3 equals 12."
16ejuxq.wav,"The first number is the groups. The second is how many in each."
rbphfx.wav,"Here's the part people mix up."
1qybw1p.wav,"4 times 3 does not mean add 4 and 3."
sd6ngq.wav,"That gives 7, just one plate and 4 more cookies. 4 times 3 is 4 whole plates of 3."
uwkn3j.wav,"Okay. Your turn."
ec3v6a.wav,"When chairs are jumbled, you have to count every one."
1w3e8j8.wav,"And it's easy to miss some."
lv05wv.wav,"What if they stand in neat rows? Then it's much faster."
sausx3.wav,"When every row has the same number, count the rows, count one row, then multiply."
121j9bo.wav,"Look. Rows go across, from left to right."
9m6cey.wav,"Count them. 1, 2, 3."
1cvbotz.wav,"There are 3 rows."
1e7q79c.wav,"Every row is the same, so you only need to count one."
1tvuhi2.wav,"1, 2, 3, 4, 5."
fdpc57.wav,"Each row has 5 chairs."
1wnyfzg.wav,"Now count one whole row at a time. 5, 10, 15."
1ku5ijp.wav,"3 rows of 5 is 15."
16ep7tp.wav,"We write it as 3 times 5 equals 15."
1lxjcsy.wav,"If one row is missing a chair, it is not 3 times 5 any more."
ev0q42.wav,"Every row must have the same number. Count each row to check."
140lkef.wav,"Turn the tray, and now there are 5 rows of 2."
wku3yy.wav,"It looks different. So did the number of muffins change?"
pw0e8u.wav,"Turning the rows around does not change how many there are, so 2 times 5 and 5 times 2 make the same total."
18yiegx.wav,"First, the tray as it started. 2 rows of 5."
gs7osk.wav,"Count by rows. 5, 10."
iaie7x.wav,"So 2 times 5 equals 10."
1dsl1ga.wav,"Now watch the tray turn."
10mbeiu.wav,"Does any muffin fall off? No. Is any muffin added? No."
r3cu1b.wav,"Every muffin just moves to a new spot."
fezxbe.wav,"Now count the turned tray by rows. 2, 4, 6, 8, 10."
18ya13x.wav,"So 5 times 2 equals 10."
luu4hp.wav,"Same muffins, same total."
c5u38a.wav,"This turn-around trick works for times. It does not work for take away."
184y063.wav,"5 minus 2 leaves 3. But 2 minus 5 does not leave 3, so they are not the same."
xyf0vg.wav,"You could count every sock, one at a time."
13fd5ay.wav,"But socks come in pairs. Is there a faster way? Yes."
6wat4k.wav,"When the groups are the same size, jump by that size, and each jump counts a whole group."
130hxxh.wav,"Look at the number line. Each pair is one jump of 2."
i2uof3.wav,"2, 4, 6, 8, 10, 12."
1ykycgs.wav,"How many jumps did we make? Count them. 6 jumps of 2."
iw1iro.wav,"And we landed on 12."
1nr1tny.wav,"So 6 times 2 equals 12."
4okzg3.wav,"5s work the same way. Each hand is a jump of 5. 5, 10, 15."
s2tni8.wav,"And bundles of ten jump by 10s. 10, 20, 30, 40."
px8adb.wav,"4 hands means 4 jumps. Don't stop at 15."
ojy0kp.wav,"Hold up a finger for each jump. 5, 10, 15, 20."
1faijka.wav,"You already count by 2s, 5s and 10s."
1syq36l.wav,"Counting by 3s is new, so it doesn't come as easily yet."
1cr4p8o.wav,"Can you do it the same way? Yes."
tykp3n.wav,"3s and 4s work just like 2s and 5s, so add the same number every time you jump."
1r9728g.wav,"Each tricycle has 3 wheels, so each is a jump of 3."
1fch2o6.wav,"Three, six, nine, twelve."
cgqsaf.wav,"4 jumps of 3 make 12."
jqeuc0.wav,"A car has 4 wheels. Jump by 4s."
mm1s5d.wav,"Four, eight, twelve."
1hnqkel.wav,"3 jumps of 4 make 12."
mnsm2s.wav,"Now write them down."
sysweq.wav,"4 tricycles have 12 wheels, so 4 times 3 equals 12."
19jaj4u.wav,"3 cars have 12 wheels, so 3 times 4 equals 12."
4b94ig.wav,"Counting by 3s does not mean add 1 each time."
1o7iig2.wav,"That gives 3, 4, 5, 6. Every jump adds a whole group of 3, so it goes 3, 6, 9, 12."
17fp2d8.wav,"What does fair mean here?"
1pdrt2a.wav,"If one friend gets 6 and another gets 2, that isn't fair."
x2e6fd.wav,"Every friend must get the same number."
yif3gs.wav,"Division shares a total into equal groups, and here we know how many groups, so we find how many in each."
1c3xg23.wav,"Give one apple to each friend. That is one round."
arrz9r.wav,"Then go round again. Now each friend has 2."
1vevdtt.wav,"Keep going, round and round, until the basket is empty."
1jgzpzw.wav,"Now count the first friend's apples. One, two, three, four."
1al1dxh.wav,"Each friend has 4 apples, and it is fair."
1swimc5.wav,"12 shared by 3 friends is 4 each."
o9e3sc.wav,"We write 12 divided by 3 equals 4."
1sgmyhu.wav,"The first number is the total, then the friends, then how many each."
81keep.wav,"Don't flip it to 3 divided by 12."
czl7pf.wav,"You are sharing 12 apples, not 3, so the total goes first."
1xotf08.wav,"When we shared apples, we knew how many friends."
e0dzfg.wav,"This time we know how many go in each bag."
11ba2y8.wav,"So what is missing? The number of bags."
psq88s.wav,"Division can also mean, how many groups of this size can we make?"
10s28ym.wav,"Take 3 apples and put them in a bag."
12icht3.wav,"That is one bag. 9 apples are left."
13ib9sm.wav,"Keep making bags of 3."
19qu9do.wav,"Two bags, three bags, four bags."
11ftd8k.wav,"Now no apples are left."
1ytkyiv.wav,"Count the bags. We filled 4 bags."
iwvjbw.wav,"It works, because 4 bags of 3 make 12."
1xuvkr7.wav,"The answer is not the number in each bag."
yoctkr.wav,"We already know that is 3. The question is how many bags, and that is 4."
1wpdfo8.wav,"We know there are 4 rows. We know there are 20 chairs."
15s3qig.wav,"So which number is missing? The number in each row."
z6z690.wav,"Multiplication and division are partners, so a times fact you know can find a missing number."
168uf6q.wav,"Count by 4s until you reach 20."
e781qw.wav,"Four, eight, twelve, sixteen, twenty."
1ntjkns.wav,"That is 5 jumps."
1pts23m.wav,"Put the chairs in 4 rows, 5 in each row."
1bmyoov.wav,"4 rows of 5 make 20. So 4 times 5 equals 20, and the missing number is 5."
kzjx7t.wav,"The same three numbers, 4, 5 and 20, make four facts."
q92v8.wav,"4 times 5 equals 20, and 5 times 4 equals 20."
1xmtuk4.wav,"20 divided by 4 equals 5, and 20 divided by 5 equals 4."
q3h5mn.wav,"When you divide, don't put the 20 last."
ybpfnq.wav,"The biggest number is the total, and it comes first, like 20 divided by 5 equals 4."
15jr1v2.wav,"Look at the long hand. It points right at the 3."
4fcy3s.wav,"So is it 3 minutes? No."
tf9hhe.wav,"The big numbers are for the hours, not the minutes."
gasog3.wav,"The long hand counts by 5s, so each number on the clock is 5 more minutes."
16widl.wav,"Start with the short hand."
qvzgne.wav,"It is just past the 4, but not at the 5 yet."
dvu3c8.wav,"So the hour is 4."
hvegiz.wav,"Now the long hand. Start at the 12 and count by 5s."
2y1sdt.wav,"Five, ten, fifteen."
11s24d4.wav,"We stop at the 3, so that's 15 minutes."
1hzvffe.wav,"So it's hour 4 and 15 minutes."
1go44ct.wav,"We write the hour, then two dots, then the minutes."
1pyfv1n.wav,"So your show starts at 4 15."
ejjnvj.wav,"The long hand on the 3 does not mean 3 minutes."
1qnxrqh.wav,"That would be 4 oh 3. Count by 5s instead, and it's 4 15."
1g4j0ri.wav,"Look at the long hand. It's between the 5 and the 6, not on a number."
1194qyo.wav,"Can counting by 5s get us there? Not on its own."
6ukt4k.wav,"Count by 5s to the last number the long hand passed, then count on by ones for the little marks."
1x9hfms.wav,"First the short hand. It's just past the 3, so the hour is 3."
g7u5l6.wav,"The long hand has passed the 5, so count by 5s to the 5."
88iqzu.wav,"Five, ten, fifteen, twenty, twenty-five."
1mhbzvr.wav,"Each little mark is 1 more minute."
5w9ep8.wav,"From 25, keep going. Twenty-six, twenty-seven."
u7cim6.wav,"That's 27 minutes."
hneozo.wav,"So it's hour 3 and 27 minutes."
zkujqm.wav,"Write the hour, two dots, then the minutes."
1g3x4no.wav,"The bus comes at 3 27."
13ohqom.wav,"Don't stop at the number the long hand passed."
1uiuz4w.wav,"That gives 3 25, and it drops 2 little marks. The time is 3 27."
off9if.wav,"A clock tells you what time it is right now."
1s57o5d.wav,"It doesn't tell you how long something took."
zlgkc4.wav,"So how do we find out? We count the minutes in between."
1jotzw0.wav,"Start at the start time, then jump to the end time and add up the jumps."
jc55za.wav,"We start at 3 10 and jump by 10s."
ztaao1.wav,"3 20, 3 30, 3 40."
67ja67.wav,"That's 3 jumps of 10, so 30 minutes so far."
9eys5a.wav,"Now we're at 3 40, and the game ends at 3 45."
deuvul.wav,"How big is that last jump? Just 5 minutes."
1nthgrz.wav,"Now add up the jumps."
1gj5qbm.wav,"10, 10 and 10 make 30, and 5 more makes 35."
uab95f.wav,"So the game is 35 minutes long."
1jvv946.wav,"The answer is not the end time, 3 45."
fejicg.wav,"The question asks how long, so the answer is 35 minutes."
aypx2j.wav,"Look where the needle stopped, between 600 and 800."
1g94tuv.wav,"There's no number right there. So what does it say?"
jf3mwx.wav,"First we need to know what each mark is worth."
1kjaaiu.wav,"Find what each little mark is worth, then count the marks to the needle."
42ukcp.wav,"Look from 0 to 200."
1w7bh1w.wav,"That's 2 jumps, mark to mark."
horxhv.wav,"2 equal jumps make 200, so each mark is worth 100 grams."
1ivvwx6.wav,"Find the last number before the needle. That's 600."
174ip9m.wav,"One more mark is 100 more. That makes 700."
1jptosy.wav,"So the apples weigh 700 grams."
joq7zc.wav,"Light things, like apples, are weighed in grams."
u8oem4.wav,"What about a dog? A dog is heavy, so we use kilograms."
1q9085u.wav,"And 1 kilogram is 1,000 grams."
1axup1.wav,"Each mark is not 1 gram. That would make 601."
dm4dr.wav,"On this scale, each mark is 100 grams. So it's 700."
1nxmafo.wav,"Look at the top of the juice, between 400 and 600."
1du6fy.wav,"There's no number at that line. So how much is it?"
dz9nas.wav,"First we find what each mark is worth."
17wvgoj.wav,"Find what each little mark is worth, then count the marks up to the top."
7iwimh.wav,"Start at 0 and go up to 200."
i8fr39.wav,"2 equal jumps make 200, so each mark is worth 100 milliliters."
hhepzn.wav,"Find the last number below the juice. That's 400."
it93z5.wav,"Count up one more mark. That's 500."
1id3457.wav,"So there are 500 milliliters of juice."
pzdsys.wav,"A cup of water is small. We use milliliters."
1w9zgqm.wav,"A bucket holds a lot. We use liters."
2vepqy.wav,"And 1 liter is 1,000 milliliters."
15r3nnz.wav,"Don't stop at the number below the juice. That's only 400."
1v7z219.wav,"Count up to the top, and it's 500."
8bit0b.wav,"37 starts with a 3. So is it 30?"
1qgwrjw.wav,"Not so fast. The 3 does not tell you which ten is closer."
hi9g4i.wav,"How can we tell? Use a number line."
1x50jlw.wav,"A number rounds to the closer ten, and right in the middle, it rounds up."
w41pw4.wav,"Look. 37 is more than 30, and less than 40."
iytb03.wav,"So it sits between 30 and 40."
12psreu.wav,"Count the hops. From 37 up to 40 is 3 hops."
11jahgj.wav,"From 37 back to 30 is 7 hops."
r1teqo.wav,"3 hops is fewer. So the jar has about 40 marbles."
1xfv2vb.wav,"What about 35?"
e60pgm.wav,"It is 5 hops from 30, and 5 hops from 40."
rk295m.wav,"Right in the middle, it goes up. So 35 rounds to 40."
18gzr15.wav,"Don't just keep the 3 and write 30."
90gj2.wav,"Count the hops. 37 is closer to 40."
11ujdp4.wav,"200 to 300 is a long way. Hopping by 1s takes all day."
n7lpuc.wav,"Is there a faster way? Yes. Hop by 10s instead."
3j73qf.wav,"A number rounds to the closer hundred, and right in the middle, it rounds up."
wm20nz.wav,"Look. 270 is more than 200, and less than 300."
1sgqcmj.wav,"So it sits between 200 and 300."
bz2qfd.wav,"Count hops of 10. From 270 up to 300 is 3 hops."
1otcfbp.wav,"From 270 back to 200 is 7 hops."
13osc9q.wav,"3 hops is fewer. So about 300 people came."
gcsy3q.wav,"What about 250?"
7s8pce.wav,"It is 5 hops from 200, and 5 hops from 300."
gygs00.wav,"Right in the middle, it goes up. So 250 rounds to 300."
1ohbslc.wav,"329 ends in 9. Don't let that last digit push it to 400."
1q1oy3q.wav,"Count the hops. 329 is just past 300, so it rounds to 300."
el9sqe.wav,"Start with the ones. 6 and 8 make 14 ones."
1ilyv0c.wav,"Can 14 fit in the ones place? No. A place holds one digit, 0 to 9."
tbnq5u.wav,"Add the ones first, and if there are 10 or more, trade 10 ones for 1 ten."
40lmrt.wav,"Look. Stack 146 on 128, ones under ones."
te2sld.wav,"6 plus 8 equals 14. That's 1 ten and 4 ones."
hhebbb.wav,"Write the 4. The 1 ten goes up, on top of the tens."
1tk4ai4.wav,"Now the tens. The 1 we traded, plus 4, plus 2."
1k8fo66.wav,"1 plus 4 plus 2 equals 7 tens."
1pj6bnx.wav,"Last, the hundreds. 1 plus 1 equals 2."
r70dbk.wav,"So 146 plus 128 equals 274. That's 274 books."
12124hp.wav,"Don't forget the ten you traded."
r5nuyz.wav,"Without it, the tens make 6, and you get 264. Add the little 1, and it's 274."
1pd1gv0.wav,"Start with the ones. We need to take away 7."
ukgk9y.wav,"But there are only 2 ones. Can you take 7 from 2? No."
1p8q2ki.wav,"Take away the ones first, and if there are not enough, break 1 ten into 10 ones."
hbqw99.wav,"Look. Stack 352 on 127, ones under ones."
4fjfpu.wav,"Take 1 ten from the 5 tens. Now there are 4 tens."
z6nvjf.wav,"Break it into 10 ones. 10 and 2 make 12 ones."
1k0eafj.wav,"Now 12 minus 7 equals 5. Write 5 in the ones place."
12uj311.wav,"Tens next. 4 minus 2 equals 2."
jneb6q.wav,"Last, the hundreds. 3 minus 1 equals 2."
14imrip.wav,"So 352 minus 127 equals 225. Nia has 225 stickers left."
1s4zsqb.wav,"Don't flip it to 7 minus 2. The 7 is what you take away."
1avrgfj.wav,"Break a ten instead. Then it's 12 minus 7, and you get 225."
b8y6ny.wav,"There are 4 plates."
iut94h.wav,"So there must be some cookies, right?"
mnq3hz.wav,"Look closely. Every plate is empty."
1p6cfbr.wav,"Empty groups add up to nothing, so any number times 0 is 0."
1btthyv.wav,"Now count one plate at a time."
jchofp.wav,"This plate adds 0. So does the next, and the next, and the last."
193xpql.wav,"0, 0, 0, 0."
18hqjf3.wav,"Where did we get to? Still 0."
ygfl62.wav,"So 4 groups of 0 make 0."
1cgrvve.wav,"Not one cookie."
1xgrcvj.wav,"We write it as 4 times 0 equals 0."
10n9neh.wav,"Now flip it. 0 plates, with 4 cookies on each."
jswudn.wav,"How many cookies? There are no plates to put them on."
1023szb.wav,"So 0 times 4 equals 0 too."
1w1qhp7.wav,"4 times 0 is not 4."
4isgg7.wav,"Empty plates hold 0 cookies, however many plates there are."
1msdcej.wav,"You could count the cookies, one by one."
1ydhvgh.wav,"That works. But is there a way to know without counting?"
1fygx6o.wav,"Yes. Look at the plates."
86ud10.wav,"When each group has 1, the total is the number of groups, so any number times 1 is that same number."
5lchtz.wav,"Count one plate at a time."
1o8y0g.wav,"1, 2, 3, 4, 5, 6."
5pdyus.wav,"See what happened? We counted the plates."
as74pz.wav,"That's 6 cookies."
dwjani.wav,"So 6 plates of 1 make 6."
1lapzge.wav,"We write it as 6 times 1 equals 6."
10g9ofk.wav,"The 6 stays 6."
10s2iok.wav,"Now turn it around. 1 plate, with 6 cookies on it."
10m77r0.wav,"How many is that? Still 6."
1mcq332.wav,"So 1 times 6 equals 6 too."
m26vt7.wav,"Times 1 does not mean add 1."
hp4ver.wav,"That gives 7, one extra cookie. 6 plates with 1 on each is 6."
8u580z.wav,"You know your 5s by heart."
18n0bgj.wav,"But what is 6 times 3? Your 6s are new."
1k1bdr.wav,"Good news. Your 5s can do most of the work."
1p2vcv7.wav,"To find 6 groups, find 5 groups first, then add one more group."
ye78mp.wav,"Look at the top 5 rows."
1ktywja.wav,"5 rows of 3. You know that one."
ugbm2j.wav,"5 times 3 equals 15."
p84pmd.wav,"Now the row left over. Just one row."
het9xc.wav,"How many muffins in it? 3."
gqlt4s.wav,"So 1 times 3 equals 3."
5c73ox.wav,"So 6 rows is 5 rows and 1 more row."
1nmk7yb.wav,"15 and 3 more make 18."
91v9vj.wav,"So 6 times 3 equals 18."
776u6f.wav,"Don't add just one at the end."
1ww1wl5.wav,"One more row is a whole group of 3, so add 3."
18s91o.wav,"Can you count by 7s? 7, 14, then it gets tricky."
2wmd1p.wav,"Your 5s and your 2s are much faster."
tgahsr.wav,"Could they help? Yes."
105ultk.wav,"Break 7 groups into 5 groups and 2 groups, find each part, then add them."
vixxlq.wav,"Look at the first 5 days."
oick6h.wav,"5 days of 3 stickers. That's a fact you know."
yy3nne.wav,"Now the 2 days left over."
p1pbpc.wav,"2 days of 3 stickers. What's that?"
v4ytrm.wav,"2 times 3 equals 6."
17iqpow.wav,"Put the two parts back together."
1r2wygr.wav,"15 and 6 make 21."
1pemsoh.wav,"So 7 times 3 equals 21. Mia gets 21 stickers."
ejt9er.wav,"Don't add just one row at the end."
1tmjal1.wav,"7 days is 5 days and 2 days, so add both rows, 6 more."
3jtyf7.wav,"Counting 8 groups one at a time takes a long time."
zm5pyk.wav,"And a long count is where slips creep in."
pilhbj.wav,"Is there a shortcut? Yes. It's hiding in your 4s."
1j5ewyd.wav,"8 groups is 4 groups and 4 more groups, so find 4 groups, then double it."
18vupie.wav,"Look at the top 4 rows."
rdbg9j.wav,"That's 4 packs of 3. What's 4 times 3?"
1blmow1.wav,"It's 12."
14wvf3i.wav,"Now the bottom 4 rows."
opdpvo.wav,"Same packs, same 3 in each."
wh9khq.wav,"So they make 12 too."
1e47kss.wav,"Two halves, 12 each."
19m4rqt.wav,"So we double. 12 and 12 make 24."
1bfnfqs.wav,"So 8 times 3 equals 24."
qed56m.wav,"Don't double the 3."
20qwj8.wav,"Double the answer for 4 packs, which is 12. So it's 12 plus 12."
197ppvv.wav,"You could count by 3s, one box at a time."
1lh2oqt.wav,"That works, but 9 boxes is a lot to keep track of."
1pwx86d.wav,"Is there a faster way? Yes. Use 10 boxes instead."
134dgzj.wav,"To find 9 groups, find 10 groups, then take away one group."
vgy4a.wav,"Look. Add one pretend box, so there are 10 boxes."
4g2ysk.wav,"10 boxes of 3 make 30."
111xf38.wav,"But we only have 9 boxes."
2jxyie.wav,"So the pretend box has to go, and its 3 crayons go with it."
16txi5o.wav,"So start at 30, and take away 3."
19a3wn3.wav,"That leaves 27."
1x5bhap.wav,"So 9 boxes of 3 make 27 crayons."
yqr7kz.wav,"Don't take away just 1. That gives 29."
1bs0tzc.wav,"The pretend box held 3 crayons, so take away the whole box. 30 minus 3 equals 27."
1h8hxu7.wav,"7 rows of 8 is a big fact to just know."
1410r3v.wav,"Counting by 8s, row by row, is slow, and it's easy to slip."
1u8sv0k.wav,"Can we make it smaller? Yes. Cut the rows apart."
kjvtc2.wav,"Break a big fact into two smaller facts you know, solve each one, then add them."
1v3mv0r.wav,"Look. Cut the 7 rows into 5 rows and 2 rows."
1pqxn2b.wav,"5 rows of 8 is a fact you know. So is 2 rows of 8."
1482zc2.wav,"5 rows of 8 make 40."
sol4i8.wav,"2 rows of 8 make 16."
1sfc6pq.wav,"Now put the parts back together."
1p3u77k.wav,"40 and 16 make 56."
18mplnd.wav,"So 7 rows of 8 make 56 carrots."
mq5ki.wav,"The 2 rows are not just 2 carrots."
1wgn6hi.wav,"40 and 2 make 42, and that's too few. Each of those 2 rows holds 8 carrots, so add 16."
13bjpoj.wav,"Each cup holds 4 bundles of 10. That's 40 straws in one cup."
s66kw8.wav,"Jumping by 40s in your head is hard."
1lqh0fh.wav,"Is there a faster way? Yes. Count the bundles, not the straws."
1sba8wy.wav,"To multiply by tens, count how many tens, then turn the tens into a number."
1j8tove.wav,"Look. Each cup has 4 bundles."
1bcyj2o.wav,"Count one cup at a time. 4, 8, 12."
1hikylv.wav,"So there are 12 bundles."
1ip4u1l.wav,"3 times 4 equals 12. That's a fact you know."
lg7b0n.wav,"And every bundle is a ten, so that's 12 tens."
1brxqhq.wav,"Now, how much is 12 tens?"
pucsfi.wav,"10 tens make 100. 2 more tens make 20."
1i1nze7.wav,"100 and 20 make 120. So there are 120 straws."
10bg35o.wav,"Don't stop at 12. Those are 12 bundles, not 12 straws."
n62585.wav,"Each bundle is 10 straws, so 12 tens is 120."
1yhvqqz.wav,"Can we take 5 away right now? Not yet."
1acx9i3.wav,"First we need to know how many pencils Sam has."
z3sup7.wav,"The story doesn't tell us. It hides that question."
1dudw4y.wav,"A two-step story hides a first question, so answer it first, then use that to answer the real one."
1r4hjnw.wav,"Step 1. How many pencils did Sam buy?"
1viyqse.wav,"3 packs with 4 in each. 3 times 4 equals 12."
d0p589.wav,"So Sam has 12 pencils."
4pt2tg.wav,"Step 2. Now the real question."
18jo6q2.wav,"He gives 5 away, so take 5 from 12."
vtl7kn.wav,"12 take away 5 leaves 7."
1u4fr2m.wav,"So Sam has 7 pencils left."
1ct4iu8.wav,"Don't add 3 and 4, then take away 5. That leaves just 2."
112p9d7.wav,"3 packs of 4 is 12, so take 5 from 12."
wou1se.wav,"A ruler tells you how long one side is."
xbaqbh.wav,"But the floor is the whole inside."
1l6pb1.wav,"So how do we measure the inside? We cover it with tiles."
1qqe53r.wav,"To find how much floor there is, count the square tiles that cover it, with no gaps and no overlaps."
rzxwel.wav,"Look at one tile."
1mb6lak.wav,"It is a square, 1 foot on every side."
1iq6foy.wav,"Every tile is the same, and they fit side by side."
v9lfra.wav,"Now count every tile, just once."
164vdr1.wav,"Go one row at a time. 4, 8, 12."
xaca4m.wav,"That's 12 tiles."
5r3jf3.wav,"So how do we say how big that is?"
foi1ax.wav,"Each tile is 1 foot on every side, so we call it 1 square foot."
12yhybw.wav,"12 tiles cover 12 square feet."
ao32br.wav,"Don't leave a gap, and don't let tiles overlap."
m8481a.wav,"A gap misses floor, and an overlap counts it twice. Cover it all, just once."
a799rc.wav,"You could count every tile, one at a time."
1ws3b75.wav,"That works. But in a big garden, it takes a long time."
9t2mq8.wav,"Is there a faster way? Yes. Look at the rows."
1egu57j.wav,"For a rectangle, the area is the number of rows times the tiles in one row."
1gazbdn.wav,"Look. Rows go across, like lines of writing."
1czmdzb.wav,"How many rows are there? Count with me. 1, 2, 3."
a93c52.wav,"That's 3 rows."
1yr6xem.wav,"Every row is the same, so count just one."
xn5ohl.wav,"One row has 5 tiles."
1ifaztz.wav,"Now count by whole rows. 5, 10, 15."
1o7kpab.wav,"3 rows of 5 is 15, so 3 times 5 equals 15."
aotni9.wav,"The area is 15 square units."
15qfp1t.wav,"Don't add 5 and 3."
1m6txz9.wav,"That gives 8, but the tiles are 3 rows of 5. So multiply, 3 times 5 equals 15."
1fflfyw.wav,"The area is 3 times 7."
qlee7r.wav,"Do you know that fact yet? That's okay if not."
vxz9nu.wav,"But you know 3 times 5, and 3 times 2."
1vtn7iv.wav,"Cut a big rectangle into two smaller ones, find each area, then add them."
odbdl.wav,"So let's cut it, right after 5 tiles."
7g4mh6.wav,"Now there are two smaller rugs."
k1kcxj.wav,"One is 3 by 5, and one is 3 by 2."
1b5xsmf.wav,"Now find each one."
1r1sho7.wav,"The first is 3 rows of 5. That's 15."
1sjwcjw.wav,"The second is 3 rows of 2. That's 6."
lyye6f.wav,"Now put the pieces back together."
6hmvzv.wav,"15 plus 6 equals 21. So 3 times 7 equals 21."
12b9z9p.wav,"The rug covers 21 square units."
19m18dj.wav,"Don't stop after one piece."
1v65tm0.wav,"3 times 5 equals 15 is only part of the rug. Add the other piece, and 15 plus 6 equals 21."
l1p0xv.wav,"Can you just multiply the rows by one row? Not here."
2wg6th.wav,"Look at the rows."
179zc03.wav,"The top 2 rows have 3 tiles. The bottom 3 have 6."
1yk4bi5.wav,"Cut the L into two rectangles, find the area of each, then add."
1ro1tmu.wav,"So draw a line down, after 3 tiles."
1g9nufh.wav,"Now there are two rectangles."
79aye.wav,"A tall one on the left, and a short one."
1mpnkwb.wav,"Now take them one at a time."
co9ioo.wav,"The tall one is 5 rows of 3. That's 15."
yuv2gw.wav,"The short one is 3 rows of 3. That's 9."
1nelcet.wav,"Now put the two parts together."
16z23s2.wav,"15 plus 9 equals 24."
6cs0j9.wav,"So the room needs 24 square feet of carpet."
1gg42g4.wav,"Don't multiply the two longest sides. 5 times 6 equals 30 counts the missing corner too, where there is no floor."
513uip.wav,"Find each part and add them. 15 plus 9 equals 24."
150nbez.wav,"2 pieces, one for each of you. That sounds fair."
1uz0nfn.wav,"But look. This sandwich has 2 pieces too, one big and one small."
kib8zy.wav,"So is counting the pieces enough? No."
xslohv.wav,"A cut is fair only when every piece is the same size."
1137dz0.wav,"Look. I'll cut the sandwich right down the middle."
5137vu.wav,"Now check. Are both pieces the same size? Yes, they match."
o0glpi.wav,"That's 2 fair pieces, one for you and one for your friend."
sel2dl.wav,"What if 4 friends share the sandwich?"
1anr3fh.wav,"Then we cut 4 pieces, and every piece is the same size."
iy5uk7.wav,"Each friend gets 1 of the 4 equal pieces."
rfq6bm.wav,"How can you check a cut? Just look at the pieces."
q0hgzn.wav,"If every piece matches, the cut is fair."
17cmrlq.wav,"If even one piece is bigger, it is not fair."
7wmnu0.wav,"Don't just count the pieces and call it fair."
2r24gp.wav,"4 pieces are not fair if one is bigger. Every piece has to be the same size."
kra8cp.wav,"You ate 1 piece."
3tif47.wav,"But that is not 1 whole sandwich."
fl9bna.wav,"So how do we write 1 piece out of 4?"
llxx2h.wav,"1 of 4 equal pieces is one fourth, and the bottom number counts all the equal pieces."
n0xk6k.wav,"Start with the whole sandwich."
jgtl8c.wav,"It is cut into equal pieces. Count them. 1, 2, 3, 4."
1ghcmq4.wav,"4 pieces make the whole. So the 4 goes on the bottom."
1iknlil.wav,"The 4 is on the bottom."
1ni8loo.wav,"Now the piece you ate. Just 1 piece, the shaded one."
barg1f.wav,"So the 1 goes on top."
15c3e7a.wav,"Put the two numbers together. That's one fourth."
1a6ng8x.wav,"We say it out loud as one fourth."
1clbbg4.wav,"It means 1 of 4 equal pieces, the part you ate."
ua9u52.wav,"Don't put the leftover pieces on the bottom."
1490fm7.wav,"3 pieces are left, but the sandwich was cut into 4. So it is one fourth, not one third."
1y2vngs.wav,"You know this part. 1 piece out of 4 is one fourth."
urgxsk.wav,"But this time you ate 3 pieces."
ucifd6.wav,"So how do we write 3 of them?"
alep6c.wav,"The bottom number counts all the equal pieces, and the top number counts the pieces you have."
1osjo8e.wav,"Look at the whole sandwich."
vjvia1.wav,"It is still cut into 4 equal pieces. Did eating change that? No."
1mf9z8g.wav,"So the bottom number is still 4."
1uagrz9.wav,"The 4 is on the bottom. Now count the shaded pieces with me."
1m11gov.wav,"1, 2, 3."
1os4258.wav,"You have 3 pieces, so the top number is 3."
c07ufk.wav,"Put the two numbers together. That's three fourths."
15l1uzc.wav,"We say it out loud as three fourths."
1cnxlr2.wav,"It means 3 of 4 equal pieces, the part you ate."
1nq711s.wav,"Don't put the piece that is left on the bottom."
wsj8ib.wav,"1 piece is left, but the sandwich was cut into 4. The bottom counts all the pieces, so it is three fourths."
1i3yhk9.wav,"This one is different. There's no sandwich, just a path from home to the park."
1lp60cg.wav,"There are no pieces to pick up and count."
13mqywh.wav,"So how do we find 3 of the 4 parts?"
1bflrgr.wav,"The space from 0 to 1 is one whole, so cut it into equal jumps and count the jumps from 0."
1hvpcwb.wav,"The path from 0 all the way to 1 is one whole."
16dx6k3.wav,"Cut it into 4 equal jumps."
1wo1kcp.wav,"Every jump is the same size, so each one is one fourth."
1fnrf67.wav,"Put your finger on 0."
1wttghw.wav,"Now jump with me. one fourth, two fourths, three fourths."
1te5wtb.wav,"That's 3 jumps. You land on three fourths."
1cr1vj0.wav,"Every mark on this line has a name."
14gww2j.wav,"The mark after 3 jumps is three fourths."
1mov3z8.wav,"Is three fourths a real number? Yes, just like 0 and 1 are."
1h6op1k.wav,"Jumps of different sizes are not fourths."
j1tzci.wav,"Every jump from 0 to 1 must be the same size. Only then do 3 jumps land on three fourths."
cunnjg.wav,"One bar shows one half, the other two fourths."
1s8n7yw.wav,"Every number is different. So does one bar have more chocolate?"
r96vck.wav,"Look at the bars, not the numbers."
twxnkh.wav,"You can cut the same amount into smaller pieces, and the amount stays the same."
n5rnf.wav,"Start with one bar, cut into 2 equal pieces."
1t1aed2.wav,"Shade 1 of the 2. That's one half."
nc18vv.wav,"Now cut each piece in 2."
176kj7c.wav,"There are 4 pieces now, and 2 are shaded. That's two fourths."
1i7crks.wav,"Did we add chocolate? No, and none was eaten."
1d8fwlb.wav,"Put the two bars one above the other."
b1t4pb.wav,"Look where the shading stops. Both stop at the same place."
hxeq4u.wav,"So one half and two fourths are the same amount. Nobody has more."
1n24hqh.wav,"Don't change just one number. one half is not one fourth."
111enmr.wav,"Smaller pieces means you need more of them. So one half equals two fourths."
a9q3lo.wav,"4 slices were eaten."
1cym3x5.wav,"So is that 4 pizzas? No."
1b97v41.wav,"It was one pizza the whole time, cut into 4 slices."
rza78.wav,"When the top and bottom numbers are the same, you have all the pieces, and that is 1 whole."
1tzyqo2.wav,"Count the slices with me."
ct0sp9.wav,"one fourth, two fourths, three fourths, four fourths."
1xgsg7m.wav,"That's all 4 of the 4 slices."
1tbumo0.wav,"Look at the pizza now."
op5c0y.wav,"Every slice is gone, and nothing is left over."
1129e54.wav,"So four fourths is 1 whole pizza."
nl2sxe.wav,"It works however you cut it."
wtvoi3.wav,"Cut a bar into 6 equal pieces, and all 6 make six sixths."
neagmx.wav,"Cut one into 2, and both pieces make two halves."
fd2hs6.wav,"Each one is 1 whole."
y1z0jc.wav,"Bigger numbers do not mean more here. eight eighths is not more than four fourths."
1972s.wav,"Both are all the pieces, so both are 1 whole."
1yahogo.wav,"Ana ate three eighths. Ben ate five eighths."
ba3i44.wav,"Both bottom numbers are 8. So how can we tell who ate more?"
1c6u4qh.wav,"When the pieces are the same size, more pieces is more, so just compare the top numbers."
5k9szd.wav,"Look at the two pizzas."
1r8lbeh.wav,"Both are cut into 8 equal slices."
7n1zd.wav,"So every slice is the same size, on both pizzas."
qirwye.wav,"Now just count."
1iknoga.wav,"Ana has 3 slices. Ben has 5 slices."
lunegs.wav,"5 same-size slices are more than 3. So Ben ate more."
1rea53t.wav,"Now write it with a sign. five eighths is greater than three eighths."
17e3zdy.wav,"The open side of the sign faces the bigger number."
16q64wx.wav,"Don't count the slices left on the plate."
q0siug.wav,"Ana left 5 slices, but she ate only 3. Count the slices each one ate."
1ymuejn.wav,"8 is a bigger number than 3."
1djsdub.wav,"So is one eighth bigger than one third? No."
11qtxrf.wav,"This time, the bigger number gives the smaller piece."
20l5hq.wav,"When you take the same number of pieces, the one cut into fewer pieces is more, because its pieces are bigger."
x0tooa.wav,"Take a bar and cut it into 3 equal pieces."
1bxn2vo.wav,"Only 3 pieces, so each one is big."
q55c1m.wav,"Now cut a bar the same size into 8 equal pieces."
qjs94v.wav,"Each piece is much smaller."
1v42frc.wav,"More cuts, smaller pieces."
1psuhqr.wav,"Take 2 pieces from each. That's two thirds and two eighths."
1ejdftx.wav,"Same number of pieces, but the pieces of 3 are bigger."
1tg1t72.wav,"So two thirds is greater than two eighths."
1ll5wzj.wav,"Don't pick the bigger bottom number."
exfiuo.wav,"A bigger bottom number means more cuts, so smaller pieces. So one third is greater than one eighth."
163aygl.wav,"Count Mia's stars. There are 3."
hlil43.wav,"So did she read 3 books? No."
aj12s9.wav,"Look under the graph. It says each star is 2 books."
1319l11.wav,"Each star stands for 2 books, so count the stars by 2s, and a half star is 1."
5kwlwu.wav,"Look at Mia's row."
18kki99.wav,"Count her stars by 2s, one star at a time."
5n5eo8.wav,"2, 4, 6. So Mia read 6 books."
1jntnf5.wav,"Now Ava. She has 2 stars and a half star."
1vdtqvh.wav,"Count the whole stars. 2, 4."
15x0tyj.wav,"Half a star is half of 2, so it is 1 more. Ava read 5 books."
o9s2ah.wav,"How many more books did Mia read than Leo?"
1b0hogn.wav,"Mia read 6. Leo has 2 stars. 2, 4. So Leo read 4."
vyg1h2.wav,"How many more means we subtract. 6 minus 4 equals 2. Mia read 2 more books."
5duimq.wav,"Don't count each star as one book."
7bqy8x.wav,"Mia's 3 stars are 6 books, not 3. Every star is 2."
17ja3nd.wav,"Count the lines up the grapes bar. It is 7 lines tall."
1f733tf.wav,"So did 7 kids choose grapes? No."
1vr6dh2.wav,"Look at the numbers up the side. They go 0, 5, 10, 15. Every line is 5 kids."
md8b3.wav,"Go from the top of the bar straight across to the numbers on the side, and check what they count by."
lp3tce.wav,"Put your finger on the top of the grapes bar."
1yl97q3.wav,"Slide it straight across to the side. It lands on 35."
19ebgz0.wav,"So 35 kids chose grapes."
1rpros1.wav,"Now the pears."
mpztso.wav,"Top of the bar, straight across."
146yrv1.wav,"It lands on 15. So 15 kids chose pears."
sz87rj.wav,"So, how many more kids chose grapes than pears?"
a2z7hk.wav,"Grapes is 35. Pears is 15."
137jb6w.wav,"How many more means we subtract. 35 minus 15 equals 20. So 20 more kids chose grapes."
99qpqq.wav,"Don't count the lines by ones."
1m730ow.wav,"Each line here is 5 kids, so grapes is 35, not 7."
tsmwts.wav,"Look at the end of the crayon. Does it stop on a number? No."
4ylqvj.wav,"It stops between 2 and 3."
g16t3a.wav,"So we need a way to say exactly where it stops."
1w8kqkl.wav,"Count the whole inches from 0, then add the part of an inch past the last one."
t05tun.wav,"Start at 0, at the end of the crayon."
95i06n.wav,"Go along. Past 1, past 2, but not to 3."
8yzajn.wav,"That's 2 whole inches, and a bit more."
rtx1x0.wav,"Now look at the inch from 2 to 3."
167s4ak.wav,"A middle mark cuts it into 2 equal parts."
18d9u6i.wav,"The crayon stops right on that mark. That's half an inch more."
nf3m7y.wav,"So the crayon is 2 and one half inches long."
1ggajup.wav,"Some rulers cut each inch into 4 equal parts. Each part is one fourth of an inch."
14lqbtu.wav,"This pencil goes past 1, then 3 parts more."
jne5t3.wav,"So it is 1 and three fourths inches long."
ncdlig.wav,"Don't count every mark as a whole inch."
1pltx19.wav,"From 0 to the end are 5 half inches. That's 2 and one half inches, not 5."
16kg9or.wav,"Look at the list. The lengths are all jumbled up."
1nyh3oc.wav,"Which ones are the same? Which are longer? It's hard to see."
1iw58f1.wav,"So let's build a better picture."
1x61e3.wav,"Each X is one thing we measured, sitting above its length, so count the Xs to answer."
11bc6sa.wav,"First draw a line."
fidqq3.wav,"Write the lengths along it in order, a half inch apart."
h7f04r.wav,"4, 4 and one half, 5, 5 and one half, 6."
1s4hgta.wav,"Now take the pencils one at a time."
1qn0kcm.wav,"Each pencil gets one X, above its own length."
y5b44b.wav,"7 pencils, so 7 Xs in all."
1mnsu9p.wav,"Which pencils are longer than 5 inches? Look to the right of 5."
19a3td9.wav,"There's no X above 5 and one half, and 1 X above 6."
1l3392m.wav,"So 1 pencil is longer than 5 inches."
rd6vdm.wav,"Don't count the numbers under the line."
ncf0z4.wav,"They are lengths, not pencils. Count the Xs to find how many."
1vs1kla.wav,"Every tile has 4 sides."
1tz6f0y.wav,"But they don't look the same at all."
1qej1fr.wav,"So is 4 sides enough to tell them apart? No. We have to look closer."
3tnkf0.wav,"Check two things, are all 4 sides the same length, and are all 4 corners square corners?"
8pg0yy.wav,"Start with the corners."
1ntl0nt.wav,"A square corner is like the corner of a book. We mark it with a small square."
1c9u9dz.wav,"The first two tiles have that mark in all 4 corners."
7hzqxa.wav,"Now the sides."
1p010ij.wav,"A tick on a side means it matches the other sides with a tick."
1iqa6dv.wav,"Which tiles have 4 ticks? The first one, and the leaning one."
tsc7qr.wav,"So what is each tile?"
14sorka.wav,"A square has both, 4 equal sides and 4 square corners."
1azwl2.wav,"The rectangle has the square corners, but not the equal sides."
mw4ti9.wav,"The leaning tile has the equal sides, but not the square corners."
te6qxb.wav,"Don't say a square is not a rectangle."
p29x4a.wav,"It has 4 square corners, so it is a rectangle too."
mfjij0.wav,"Where does the fence go? Not across the middle."
1y9rrko.wav,"It goes all the way around the edge."
wzqd1c.wav,"So we need to know how long the whole edge is."
akpiw2.wav,"The distance around a shape is all of its sides added together."
4qxn0i.wav,"Let's walk it. Start at this corner."
11i4em3.wav,"5 feet across the top, then 3 feet down."
fc6eq2.wav,"5 feet back, then 3 feet up."
dfvrgo.wav,"We're back where we started."
1r85b2v.wav,"Now add every side you walked."
c6ggo8.wav,"How many is that, 2 or 4? It's 4."
nmd7ey.wav,"5 plus 3 plus 5 plus 3 equals 16."
tpm7te.wav,"So Sam needs 16 feet of fence."
1bdrfoh.wav,"Sometimes a side has no number. What is it?"
1q56shu.wav,"In a rectangle, the sides across from each other are the same length."
1nlljmx.wav,"The top is 5 feet, so the bottom is 5 feet too."
1k3of2o.wav,"Don't add just two sides."
13q8m8u.wav,"5 plus 3 equals 8 only takes you halfway around. Add all 4, and you get 16."
16765lc.wav,"Same fence, so the same room inside? It sounds right."
1f84apw.wav,"But let's not guess. Let's count and check."
uad39e.wav,"Two gardens can have the same fence around them but hold a different number of squares inside."
1z06bov.wav,"First, are the fences really the same?"
x40qu.wav,"Walk the long thin garden. 5 plus 1 plus 5 plus 1 equals 12."
1jbffzi.wav,"Now the wider one. 4 plus 2 plus 4 plus 2 equals 12."
10w6hgc.wav,"Yes. Both fences are 12 feet."
tvn7g9.wav,"Now count the squares inside."
1ljz8cg.wav,"The long thin garden is one row of 5. That's 5 squares."
rmth3x.wav,"The wider garden is 2 rows of 4. That's 8 squares."
p5nj84.wav,"Same fence, but not the same room inside."
7hwxme.wav,"One more. A garden 3 feet by 3 feet uses 12 feet of fence too."
r2q20c.wav,"Inside, it's 3 rows of 3. That's 9 squares."
stk4wf.wav,"That's the most room of all three."
1gszrta.wav,"The same fence does not mean the same room inside."
lj0zr9.wav,"12 feet of fence held 5, 8 and 9 squares. So count the squares to check."
62hxht.wav,"Six digits in a row."
1tbm1m2.wav,"You could read them one by one. Three, zero, five, four, two, zero."
1j5tdpw.wav,"But how many people is that? It doesn't say."
1vid96j.wav,"Look at the comma."
qdwwz0.wav,"Read the part before the comma, say thousand at the comma, then read the last three digits."
zseznz.wav,"Cover up everything after the comma. What's left is 305."
psaxgm.wav,"Read it like a normal number. Three hundred five."
vrg3j7.wav,"Then say thousand. Three hundred five thousand."
sng2qd.wav,"Now the part after the comma. 420."
z33ues.wav,"Read it just as it is. Four hundred twenty."
1lnj1kd.wav,"No extra word goes after it."
1d95cyt.wav,"Put the two parts together."
er9gaw.wav,"Three hundred five thousand, four hundred twenty."
mikas3.wav,"That's how many people live in the city."
1jmlzj6.wav,"Don't drop the zero in three hundred five."
dkx9l.wav,"35 is not 305. The zero holds the tens place open."
zn8wdq.wav,"Look at 440. Both first digits are 4."
1rc7xb2.wav,"Are they worth the same? No."
1jhziq9.wav,"But how much more is one?"
1i46avb.wav,"Ten of one place make one of the next place to the left, so each place is worth 10 times the place to its right."
hfbtqs.wav,"Take 10 little cubes and snap them together."
461vy7.wav,"They make 1 ten. So 1 ten is worth 10 ones."
1dqqqr6.wav,"Now snap 10 tens together."
skhpya.wav,"They make 1 hundred."
1qbj4xk.wav,"See? 10 of one place make 1 of the next."
ob60d6.wav,"Back to 440. The second 4 is worth 40."
13tz6h3.wav,"The first 4 is one place to the left, so it's worth 400."
19j7cri.wav,"That's 10 times as much."
f0gfhl.wav,"Don't take away to find how many times."
1j7y0l8.wav,"That gives 360. Count the forties. 400 is 10 groups of 40."
xnkho8.wav,"City B has a 9 and an 8. Big digits."
1xk7n50.wav,"So does City B have more? Not so fast."
w31p9v.wav,"Big digits in small places can trick you."
1d04yze.wav,"Line the numbers up by place, and the first place from the left where the digits differ decides which is bigger."
1et6srx.wav,"So put both numbers in a chart."
12u4bcs.wav,"Every digit goes under its own place."
16fs1uo.wav,"Now we can compare straight down."
1syn0wh.wav,"Start at the left, the biggest place."
9xtthi.wav,"Ten thousands, 4 and 4. The same, so keep going."
395bxs.wav,"Thousands, 8 and 6. They're different. This place decides."
15crr3t.wav,"8 thousands is more than 6 thousands."
vtalgn.wav,"So City A has more. 48,250 is greater than 46,980."
1c3fmao.wav,"The digits after that don't matter at all."
shej33.wav,"Don't just compare the first digits."
a4rwwg.wav,"9,870 starts with 9, but it has no ten thousands."
1eftazi.wav,"10,200 does, so it's bigger."
1q003yu.wav,"You could cross out the last three digits."
yjgfet.wav,"36,420 becomes 36,000."
13uwuw3.wav,"But try 36,720. It becomes 36,000 too."
kclfi2.wav,"Is that right? No. It's closer to 37,000."
112i0p4.wav,"A number rounds to the closer of the two round numbers it sits between, and the exact middle rounds up."
1t54mzk.wav,"Look at 36,420."
1ewl3s2.wav,"It's more than 36,000 and less than 37,000."
bpa0v5.wav,"So those are the two ends of the line."
hkkcwo.wav,"Now find the middle. Halfway from 36,000 to 37,000 is 36,500."
uyp3h.wav,"Has 36,420 reached it? Not yet."
1d7le52.wav,"It's still closer to 36,000."
x9vka3.wav,"So 36,420 rounds to 36,000. The news says about 36,000 fans."
1qkrhi3.wav,"Quick check. The digit after the thousands is 4, and less than 5 rounds down."
upq636.wav,"Exactly in the middle, don't round down."
9hovj0.wav,"36,500 is halfway, and halfway goes up, to 37,000."
s7dsrs.wav,"Could you count up from 2,456, one at a time?"
3990n6.wav,"You could. But that's 1,378 counts."
95t6py.wav,"Is there a faster way? Yes."
t6e79s.wav,"Add one place at a time, starting with the ones, and when a place makes 10 or more, carry 1 to the next place left."
wldaet.wav,"Look. Stack 2,456 on 1,378, ones under ones."
12vha0c.wav,"Start on the right. 6 plus 8 equals 14."
1c8cxwp.wav,"Can 14 fit in one place? No. Write the 4, and carry the 1 to the tens."
1d72x5u.wav,"Now the tens. 1 plus 5 plus 7 equals 13."
jpcx4y.wav,"Write the 3, and carry another 1."
1mywppw.wav,"Then the hundreds. 1 plus 4 plus 3 equals 8. That fits."
1p200od.wav,"Last, the thousands. 2 plus 1 equals 3."
14wa7q0.wav,"So 2,456 plus 1,378 equals 3,834 visitors."
1gikfcf.wav,"Don't forget to add what you carried."
1swihl8.wav,"Leave it out, and you get 3,724. Add it in, and it's 3,834."
1hjvrj.wav,"Start with the ones. Can you take 7 from 5? No."
8qw71b.wav,"So you look next door for a ten."
17wdk1z.wav,"But the tens place is zero, and so is the hundreds."
1x89zt.wav,"If the next place is a zero, keep going left to a digit that is not zero, break 1 from there, and each zero on the way becomes 9."
jkgqcq.wav,"Walk left, past both zeros, to the 3."
gax3cx.wav,"Break 1 thousand into 10 hundreds."
44frgp.wav,"That leaves 2 thousands."
zdkq8e.wav,"Now break 1 hundred into 10 tens."
3f4yke.wav,"9 hundreds are left."
1igsmym.wav,"Break 1 ten into 10 ones."
fjicai.wav,"9 tens are left, and the ones are 15."
hl45gf.wav,"Now take away. 15 minus 7 equals 8. 9 minus 4 equals 5."
1jpr5s7.wav,"9 minus 2 equals 7. 2 minus 1 equals 1."
9o7q56.wav,"So the school has 1,758 dollars left."
1o4p0v9.wav,"Don't flip it to 7 minus 5. That gives 2,242."
mqi72o.wav,"The 7 is what you take away, so break a bigger place first."
12nykxv.wav,"She could add it all again."
wtrubu.wav,"But if she slipped once, she could slip the same way twice."
xeq418.wav,"Is there a quicker check? Yes."
nsyw3r.wav,"Round each number, do the math with the round numbers, and if your answer is far from that, check your work."
7yvl37.wav,"Round each number to the nearest thousand."
o66qll.wav,"4,875 is closer to 5,000."
1f4mefo.wav,"2,960 is closer to 3,000."
18dml1t.wav,"Now add the round numbers."
6mdxr2.wav,"5,000 plus 3,000 equals 8,000. You can do that in your head."
1r8nfyd.wav,"Now compare. Is 6,835 close to 8,000? No."
9g1pi1.wav,"It's more than 1,000 away."
1671oxs.wav,"So Maya checks her work, and gets 7,835. That is close."
mex3cb.wav,"Don't just chop 4,875 down to 4,000. It's closer to 5,000."
hjcurk.wav,"Chop both, and you get 6,000, so Maya's 6,835 looks fine."
1tise6q.wav,"Read it again. What happens to the books?"
8hvqxl.wav,"Some come in. Then some go out."
e2i5k1.wav,"That's two things, so one step won't get you there."
7w85pk.wav,"When a story has two steps, do the first step, then use its answer to start the second."
16exji4.wav,"Step 1. The new books come in."
7ewcl5.wav,"2,450 plus 1,300 equals 3,750."
h7kibi.wav,"Now the library has 3,750 books."
j2d6j.wav,"Step 2 starts from 3,750, not from 2,450."
1ikrq8m.wav,"Then 820 books go out."
kdi0qc.wav,"So take away 820."
iiplpr.wav,"3,750 minus 820 equals 2,930."
17kz383.wav,"The library has 2,930 books now."
1p6uzy0.wav,"Don't stop after step 1."
nzyhpf.wav,"3,750 is the count before any books go out. Keep going, to 2,930."
q0mcki.wav,"Can we just add them? 3 plus 4 is 7."
84kpzb.wav,"Wait. The 4 doesn't mean 4 more stickers."
9v7zug.wav,"It means Sam has what Ann has, 4 times over."
pcz65p.wav,"Times as many means copies, so 4 times as many as 3 is 4 times 3."
am8si6.wav,"Look. Here is Ann's bar, with her 3 stickers."
jyup89.wav,"This one bar is the size we will copy."
13r92ls.wav,"Now Sam. How many of Ann's bars does he get? 4."
1xpi1j0.wav,"One copy, two, three, four."
1nt567c.wav,"That's 4 copies of 3, side by side."
bapmw6.wav,"4 copies of 3 is what 4 times 3 means."
1e0cd7s.wav,"Count by 3s. 3, 6, 9, 12."
vj72m1.wav,"So 4 times 3 equals 12. Sam has 12 stickers."
1p7y6mk.wav,"Don't add 3 and 4."
1qdqvhh.wav,"That gives 7, but Sam gets 4 copies of 3. So multiply, 4 times 3 equals 12."
1bl6qi0.wav,"Here is one way. 3 rows of 4 uses every tile."
14xt0xo.wav,"Is that the only way? No. 12 tiles make other rectangles too."
1984wgz.wav,"Guess, and it's easy to miss one."
jpikxc.wav,"Each rectangle that uses every tile shows a pair of numbers that multiply to make the total."
121ywys.wav,"So go in order. 1 row of 12 is 1 times 12."
187y26k.wav,"2 rows of 6 is 2 times 6."
ef19jk.wav,"Both use all 12 tiles, so both are pairs."
1wx1w4d.wav,"3 rows of 4 works too. That's 3 times 4 equals 12."
1olibe4.wav,"What about 4 rows of 3? It's the same one, turned."
1vvkrbp.wav,"So we don't count it twice."
1a8wi1s.wav,"Try 5 in a row. 5, 10, then only 2."
1eq97sa.wav,"The last row is short, so 5 is not in a pair."
1kq6mf0.wav,"That leaves 3 pairs for 12. 1 and 12, 2 and 6, 3 and 4."
1cj3q7t.wav,"Don't forget the one long row."
1jwp9dg.wav,"1 row of 12 is a pair too. Every number has that pair."
w6oi0r.wav,"She tries 2 rows. Is there a gap? Yes, one spot is empty."
1ny5b6b.wav,"So 2 rows doesn't work for 7."
amaj8g.wav,"Some numbers just won't make a second rectangle."
1v9wqh4.wav,"Some numbers make only one rectangle, one long row, and others make more than one."
c0pqfh.wav,"Let's test 7. 2 rows leaves a short row."
6ludi6.wav,"3 rows leaves a short row too, and so do 4, 5 and 6."
twk7nr.wav,"So 7 makes just one rectangle, the long row."
1lihy64.wav,"Now try 6. 1 long row of 6 works."
igl1is.wav,"2 rows of 3 works too."
10hjk77.wav,"So 6 makes more than one rectangle."
1vcdar6.wav,"So 7 makes one rectangle, and 6 makes more than one."
inv41e.wav,"Is there a number in between? No."
1j7kh21.wav,"Every number bigger than 1 is one kind or the other."
j9miyf.wav,"Being odd does not mean only one rectangle."
h4a5fg.wav,"9 is odd, but 3 rows of 3 uses all 9. So test the rows, every time."
1ci6kif.wav,"Could you count every space? 1, 2, 3, 4, then start again."
bi9he0.wav,"That works, but it's slow, and easy to lose your place."
1or7fn7.wav,"The frog skips the numbers in between, and so can we."
kgaegr.wav,"Each landing is the jump times the number of jumps so far."
huirp9.wav,"Look. The frog starts at 0 and jumps 4."
tqogpg.wav,"It jumps 4 again, and again."
l2xbb0.wav,"It lands on 4, then 8, then 12."
t3n4qk.wav,"Now count the jumps. 1 jump lands on 1 times 4."
735v5u.wav,"2 jumps land on 2 times 4, and 3 jumps land on 3 times 4."
1b2rm3q.wav,"See the pattern? The number of jumps, times 4, is the landing."
1coauan.wav,"So where is the 6th landing? You don't have to count every jump."
1uu845u.wav,"6 jumps of 4 is 6 times 4."
weol07.wav,"6 times 4 equals 24, so the frog lands on 24."
1flkrrm.wav,"0 is not a landing."
9922v0.wav,"The frog starts there, before it jumps. So the 1st landing is 4."
nbrm18.wav,"You could count by 10s, 34 times over."
v9pjm2.wav,"That's a lot of counting."
1vmooee.wav,"Is there a faster way? Yes. Watch the digits."
1pordbz.wav,"Each zero in 10, 100 or 1,000 slides every digit one place to the left."
fyhqki.wav,"Start with 10. One zero, so every digit slides one place left."
oh8tn3.wav,"The 3 tens become 3 hundreds. The 4 ones become 4 tens."
o0vyyr.wav,"The ones place is empty, so a zero fills it. That's 340 pencils."
1eoqskf.wav,"Now 100. Two zeros, so every digit slides two places."
6lankm.wav,"The 3 lands in the thousands, the 4 in the hundreds, and two zeros fill the rest. That's 3,400."
1jqs4nt.wav,"And 1,000? Three zeros, so three places."
z3m8kn.wav,"That's 34,000. See the pattern? One more zero, one more place."
pzs40s.wav,"34 times 100 is not 340. Don't slide just one place."
18hukvc.wav,"Two zeros means two places. That's 3,400."
1afh96v.wav,"You know 4 times 3 equals 12."
1dlp7ug.wav,"But each pack has 30 cards, not 3."
1r3yrar.wav,"So is the answer 12? No, it has to be much bigger."
tz1fxt.wav,"Think of 30 as 3 tens, multiply 4 times 3 tens, then turn the tens into a number."
1ot94n1.wav,"Look at one pack. 30 cards is 3 tens."
afgx41.wav,"4 packs is 4 groups of 3 tens."
f2asas.wav,"Now multiply the tens. 4 times 3 equals 12, so that's 12 tens."
b3dx42.wav,"It's the fact you already know. We're just counting tens, not ones."
1mx4yu.wav,"How much is 12 tens? 10 tens make 1 hundred."
4109ek.wav,"The 2 tens left make 20. 100 and 20 make 120. So there are 120 cards."
4xan3p.wav,"Don't drop the tens. 4 times 30 is not 12."
1yd2v9h.wav,"12 tens is 120, so 4 times 30 equals 120."
1p7pxvt.wav,"You could hand them out one sticker at a time. That would take a long while."
1f3xi9a.wav,"Is there a faster way? Yes. The stickers already come in tens."
ftkcu3.wav,"Share the tens, then turn the tens back into a number."
2lon14.wav,"Look. 80 stickers is 8 sheets of 10."
kt3w5m.wav,"That's 8 tens. So we share sheets, not single stickers."
1wff74t.wav,"Give each of the 4 friends one sheet. Then go around again."
1uih8sg.wav,"8 sheets shared by 4 is 2 sheets each. So 8 tens divided by 4 equals 2 tens."
zpj8o.wav,"Now turn the tens back into a number. 2 tens is 20."
d8zn1b.wav,"So 80 divided by 4 equals 20. Each friend gets 20 stickers."
16eodw2.wav,"Don't drop the tens at the end. 80 divided by 4 is not 2."
10w47lo.wav,"Each friend gets 2 tens, and 2 tens is 20."
1n4di6v.wav,"Let's count by 4s. 4, 8, 12, 16."
1veiz9q.wav,"Did you catch that? 16 is past 14."
140abri.wav,"So the pages won't come out even. What do we do?"
ve7mw7.wav,"Make as many full groups as you can, and what is left is too few for another group."
eh9csn.wav,"Look. Put 4 stickers on the first page. That page is full."
1xbprie.wav,"Keep going. 4, then 8, then 12. That's 3 full pages."
3cg0fh.wav,"3 pages used 12 stickers, so 2 are still in your hand."
l1un30.wav,"Can 2 fill another page? No, a page needs 4. So they're left over."
1vaw862.wav,"So 14 divided by 4 gives 3 full pages, with 2 left over."
ypu6pd.wav,"You can fill 3 pages all the way."
1ewvgsn.wav,"Don't stop with 6 left. 6 can fill another page."
evet48.wav,"That's 3 pages, with 2 left."
18emtnq.wav,"The floor is 16 by 3, so we need 16 times 3."
eswl95.wav,"Do you know that one by heart? Most people don't."
1m4sjz5.wav,"But you do know 10 times 3. And you know 6 times 3."
uygol1.wav,"Break the big number into tens and ones, multiply each part, then add the parts."
8am5cq.wav,"16 is 10 and 6."
70s3s4.wav,"So I cut the floor right after 10 feet."
zbxaty.wav,"Now there are two smaller pieces, 10 by 3 and 6 by 3."
f1n4zx.wav,"Now find each piece."
1ex91y3.wav,"The first piece is 10 times 3. That's 30."
f1ql3k.wav,"The second piece is 6 times 3. That's 18."
13vnvz1.wav,"Now put the two pieces back together."
1xi4u95.wav,"30 plus 18 equals 48. So 16 times 3 equals 48."
13z34wv.wav,"The floor is 48 square feet."
1oy0g3z.wav,"Don't stop at 30."
jg9q70.wav,"10 times 3 is only part of the floor. Add the other piece, and 30 plus 18 equals 48."
16497sp.wav,"342 times 6 is not in your times tables."
okl82s.wav,"You could add 342, six times. But that's slow."
du5r2r.wav,"Is there a faster way? Yes. Break it up by place."
abfnen.wav,"Break the number into hundreds, tens and ones, multiply each part, then add all the parts."
3a0hu0.wav,"Look at 342. The 3 is 3 hundreds, so it's 300."
1t5eb6n.wav,"The 4 is 4 tens, so it's 40. And the 2 is just 2."
1ny2s1r.wav,"So 342 is 300 and 40 and 2."
xuh4mq.wav,"Start with the biggest part. 300 times 6 is 18 hundreds, so that's 1,800."
1oustor.wav,"Next, 40 times 6. That's 24 tens, or 240."
1t0j4ee.wav,"Last, 2 times 6 equals 12."
1u0y36i.wav,"Now add every part. 1,800 plus 240 plus 12 equals 2,052."
1gemif1.wav,"So 342 times 6 equals 2,052."
1cjh8cq.wav,"There are 2,052 seats on the train."
1ut5jea.wav,"Don't forget the 2 ones."
t4ej6w.wav,"Without the 12, you get 2,040. Add every part, and it's 2,052."
10035er.wav,"You could break 164 into 100, 60 and 4."
1h6jmup.wav,"That works, but it's a lot of writing."
1vxv97x.wav,"Is there a shorter way? Yes. Stack it in columns."
wde930.wav,"Start at the ones and move left, and when a place makes 10 or more, write the ones and carry the tens to the next place."
frvl4o.wav,"Ones first. 4 times 3 equals 12."
vp7992.wav,"That's 1 ten and 2 ones. Write the 2 under the ones."
8rx7jf.wav,"Carry the 1 ten up to the top of the tens."
ksa8cb.wav,"Now the tens. 6 times 3 equals 18, plus the 1 you carried is 19."
1y47iol.wav,"Write the 9, and carry the 1 to the hundreds."
kim8m3.wav,"Last, the hundreds. 1 times 3 equals 3, plus the 1 you carried is 4."
1ko3nu1.wav,"So 164 times 3 equals 492 crayons."
e20msz.wav,"Don't forget the number you carried."
14hlcm9.wav,"Without the carries, you get 382. Multiply first, then add the carry."
1bxq4cf.wav,"Last time, one number was big. Now both are."
19xe95m.wav,"Break only the 23, and you still need 20 times 14."
366046.wav,"Is that any easier? Not really. So break both."
cvn8b0.wav,"Break both numbers into tens and ones, multiply every part by every part, then add all four pieces."
18qvzhn.wav,"23 is 20 and 3. 14 is 10 and 4."
cr819z.wav,"So I cut the garden both ways, across and down."
3mej5r.wav,"Look. Four smaller pieces."
nvt3ad.wav,"One at a time. 20 times 10 equals 200, and 3 times 10 equals 30."
1kma4i8.wav,"20 times 4 equals 80. And the little corner, 3 times 4 equals 12."
7e4hq0.wav,"Every piece is part of the garden, so add all four."
1oqcotu.wav,"200 plus 30 plus 80 plus 12 equals 322."
1s7u6z2.wav,"So 23 times 14 equals 322. The garden is 322 square feet."
hisx9c.wav,"Don't multiply only tens by tens and ones by ones."
n017lb.wav,"That leaves two pieces out, and you get 212. Add all four, and it's 322."
1gvzvw0.wav,"The rug is 4 feet wide, so its length is 84 divided by 4."
vquf9t.wav,"Do you know 84 divided by 4 by heart? Most people don't."
vy9lju.wav,"It's too big to share out all in one go."
1wr541u.wav,"Break the number into parts that are easy to share, divide each part, then add the answers."
t2rqkm.wav,"84 is 80 and 4."
1gfxwrw.wav,"Why those two? Because 80 and 4 both share by 4 easily."
rqycrf.wav,"So cut the rug into an 80 piece and a 4 piece."
1ah9s18.wav,"Share each piece on its own."
9qguvf.wav,"80 divided by 4 equals 20, because 4 times 20 equals 80."
wimxy7.wav,"And 4 divided by 4 equals 1."
1m2b1n0.wav,"So one piece is 20 feet long, and the other is 1 foot."
1rg6k60.wav,"Now push the pieces back together."
whzlrr.wav,"20 plus 1 equals 21."
1luqzse.wav,"So 84 divided by 4 equals 21. The rug is 21 feet long."
13kptd6.wav,"Don't share the 80 and forget the 4."
2r1j2n.wav,"20 plus 4 equals 24 is too long. The 4 gets shared too, so it's 20 plus 1 equals 21."
1hu28sz.wav,"Could you break 372 into easy parts? You could."
1v61c46.wav,"But with a number this big, good parts are hard to find."
mfd1ll.wav,"So here's a way for any number, one digit at a time."
1aawwbo.wav,"Share one place at a time, starting with the biggest, divide, multiply, take away, then bring down the next digit."
1swbgfj.wav,"Start with the hundreds."
1qjj5ye.wav,"3 hundreds shared by 3 is 1 hundred each, so write 1 on top."
4f4z6o.wav,"1 times 3 equals 3, and 3 minus 3 equals 0."
oesyyd.wav,"Nothing is left, so bring the 7 down."
1fzvopn.wav,"Now the tens. How many 3s fit in 7?"
at12ar.wav,"2, because 2 times 3 equals 6. Write 2 on top."
y80go.wav,"7 minus 6 equals 1. Bring the 2 down beside that 1, and now you have 12."
1k000je.wav,"Last, the ones. 12 divided by 3 equals 4, so write 4 on top."
3k07xr.wav,"4 times 3 equals 12, and 12 minus 12 equals 0."
1224xww.wav,"So 372 divided by 3 equals 124. Each friend gets 124 stickers."
1h27wvu.wav,"Don't skip the hundreds."
14wqcl3.wav,"Every place gets a digit on top, so the answer is 124, not 24."
7fpcrt.wav,"26 divided by 4 is 6, with 2 left over."
1sv22s0.wav,"But can you order 6 vans and 2 left over? Not really."
rs5hcw.wav,"You have to decide what that 2 means."
1offe1a.wav,"Divide, then let the question tell you what to do with the leftover, add one more group, leave it out, or give it as the answer."
1ltblzy.wav,"Let's fill the vans, 4 children at a time."
1689xxs.wav,"6 full vans carry 24 children."
1hspnja.wav,"And 2 children are still waiting."
1cilnyl.wav,"Now read the question again. How many vans do they need?"
bk34ul.wav,"Those 2 children still need a ride, so add one more van."
1q7jbrj.wav,"That's 7 vans."
10qutzi.wav,"So is the answer always 7? No."
16pzfxu.wav,"How many vans are full? 6. How many children are left over? 2."
1fydsx9.wav,"Same 26 divided by 4, three answers. The question decides."
ps3x2r.wav,"Don't just copy down the 6."
194y9cx.wav,"6 vans leave 2 children behind. Read the question, then decide."
1ugikiw.wav,"Can you take 38 away yet? Not yet."
cuktbf.wav,"Take it away from what? The story never says how many pencils the shop had."
1mlv4no.wav,"That number is hiding."
qib7xn.wav,"Find the hidden number first, then use it to answer the question."
1sf4hpb.wav,"Step one. The shop has 4 boxes, and each box holds 25 pencils."
1jdueko.wav,"How many pencils is that? 4 times 25 equals 100."
1a5tijx.wav,"There it is. The shop started with 100 pencils."
1jgphnd.wav,"Step two. Now we know the shop had 100."
1rkrf74.wav,"Take away the 38 that sold. 100 minus 38 equals 62."
dl1jrg.wav,"So 62 pencils are left."
8djrwk.wav,"Does 62 make sense? Let's check."
1f0117j.wav,"62 left and 38 sold, put back together, make 100."
ktn83l.wav,"That's all 4 boxes. It fits."
ri4rx.wav,"Don't stop after step one."
5qyd1f.wav,"100 is how many pencils there were, not how many are left. Finish with 100 minus 38 equals 62."
1g2lmha.wav,"one half and two fourths. Every number is different."
1f3mkwu.wav,"So did your friend eat more? Let's cut a bar and watch."
1rhj35f.wav,"Cut every piece into the same number of smaller pieces, and multiply the top and the bottom by that number."
1npblxh.wav,"Start with one half. 1 of 2 pieces is shaded."
17qwzqk.wav,"Now cut each piece down the middle."
sb4myc.wav,"Now there are 4 pieces, and 2 are shaded. That's two fourths."
1e4bngn.wav,"Did the shading grow or shrink? No. It's the same amount as before."
ap3jk9.wav,"So what happened to the numbers?"
wngjhh.wav,"Every piece became 2, so the bottom is 2 times 2 equals 4."
1oenc3z.wav,"The shaded piece became 2 too, so the top is 1 times 2 equals 2."
b2uycc.wav,"So one half equals two fourths. You both ate the same amount."
1nudkxd.wav,"Don't change only the bottom number. one half is not one fourth."
2yvxt2.wav,"one fourth is smaller. Multiply the top by the same number."
1ktaram.wav,"Is four sixths bigger, because 4 is more than 3?"
z6kzzz.wav,"Wait. Eighths and sixths are different sizes."
zravta.wav,"So check each one against one half."
10v5pzq.wav,"If one fraction is less than half and the other is more than half, the one more than half is bigger."
1pe1rtv.wav,"Start with three eighths. Half of 8 pieces is 4 pieces."
1v60587.wav,"You have 3, and 3 is less than 4."
1dx3sem.wav,"So three eighths is less than half."
k4bmhv.wav,"Now four sixths. Half of 6 pieces is 3 pieces."
y2hqqq.wav,"Your friend has 4, and 4 is more than 3."
6e0fcj.wav,"So four sixths is more than half."
13qzkz8.wav,"Side by side, three eighths is less than half, and four sixths is more."
adols9.wav,"So which one is bigger? The one past half."
1itd0i2.wav,"three eighths is less than four sixths. Your friend ate more."
15g81vj.wav,"Don't pick three eighths just because 8 is bigger than 6."
hdakk9.wav,"More pieces means smaller pieces. Check each one against half."
1fxrsh4.wav,"three fourths and five eighths. The 5 is bigger than the 3. So does Leo have more?"
3a3g61.wav,"Look. A fourth is a big piece, and an eighth is half of one."
fcx1d5.wav,"So we can't count them against each other yet."
1q2nkln.wav,"Cut the pieces until both fractions use the same size pieces, then compare the top numbers."
1o46b93.wav,"The eighths are already small, so leave them alone."
w3hqw.wav,"Cut each fourth into 2 eighths."
1crvcbk.wav,"Now both ribbons are in eighths."
1s265pk.wav,"How many eighths are shaded now? One, two, three, four, five, six."
1oh8xua.wav,"That's six eighths, the same ribbon as three fourths, just cut smaller."
11pdb5v.wav,"Now the pieces match, so counting is fair."
f0vc0y.wav,"6 eighths is more than 5 eighths."
19ary01.wav,"So three fourths is greater than five eighths. Mia has more ribbon."
1prbnxw.wav,"Don't compare the top numbers before the pieces match."
wis7n4.wav,"five eighths has the bigger top number, but smaller pieces. Cut first, then compare."
16pip7z.wav,"five eighths looks like one number. How can it go on two plates?"
1bqldai.wav,"Look again. It's really 5 pieces, and pieces can be moved."
1lujpoj.wav,"A fraction is a group of same-size pieces, so you can split it into groups that add back to it."
e63wfu.wav,"Count them with me. One, two, three, four, five."
yu0dbr.wav,"Each piece is one eighth of the pan."
61xxup.wav,"So five eighths is one eighth plus one eighth plus one eighth plus one eighth plus one eighth."
11gki9t.wav,"Put 2 pieces on the first plate."
8iz1ux.wav,"The other 3 go on the second plate."
1lubsxn.wav,"Did any get lost? No. The pieces only moved."
nubd10.wav,"The first plate holds two eighths. The second holds three eighths."
k5s4w4.wav,"Together, that's 5 pieces again."
shwgj4.wav,"So five eighths equals two eighths plus three eighths."
1q4xisv.wav,"Don't split the bottom number. five eighths is not two fourths plus three fourths."
1etyf50.wav,"Every piece is still an eighth. Split the top number, and keep the 8."
7pieqd.wav,"two eighths plus three eighths. Should you add every number you see?"
11qviwr.wav,"Look at the 8. It doesn't count the brownies you ate."
nlc20x.wav,"It tells you the size of each piece."
xnx9ut.wav,"When the pieces are the same size, add the top numbers and keep the bottom number."
27tqy8.wav,"Here's the pan, cut into 8 equal pieces."
1ddy2kl.wav,"You eat 2 of them. That's two eighths."
b88xum.wav,"Then you eat 3 more. That's three eighths."
inci54.wav,"Did the pieces change size? No. The pan still has 8 pieces."
kyucw2.wav,"Now count what you ate. 2 and 3 make 5."
18v97ff.wav,"Each one is still an eighth of the pan."
1xwrxbw.wav,"So two eighths plus three eighths equals five eighths."
17yp2jc.wav,"Don't add the bottom numbers. two eighths plus three eighths is not five sixteenths."
ou8p55.wav,"Sixteenths are smaller pieces, and the pan was never cut that small. Keep the 8."
1bv54s2.wav,"Do you take away the top and the bottom?"
1ui19cx.wav,"Then the bottom is 8 take away 8, which is 0. But there is still pizza here."
q5hkom.wav,"So the 8 is not a count. It tells you how big each slice is."
1xmjp21.wav,"When the pieces are the same size, take away the pieces and keep the bottom number."
jjoyg1.wav,"seven eighths means 7 slices are on the tray."
1fls6dh.wav,"Each slice is one eighth of the pizza."
n4w2mj.wav,"Now you eat 3 slices. Take them off the tray."
1vaigv8.wav,"How many are still there? 4 slices."
1xz19jd.wav,"7 slices take away 3 slices leaves 4 slices."
1hqzjsf.wav,"Are they smaller now? No. They are still eighths."
1p5op0l.wav,"So seven eighths minus three eighths equals four eighths."
1lrk5cc.wav,"Don't take away the bottom numbers."
1vbsedl.wav,"The slices are still eighths, so the bottom stays 8."
8px5os.wav,"2 pizzas and three fourths of another. That's one way to say it."
1dxkna6.wav,"But how many slices is that? The 2 counts pizzas, not slices."
fcbxzh.wav,"So find the slices inside each pizza first."
12okf3.wav,"Count the pieces in every whole, then add the extra pieces."
1tdbonv.wav,"Each pizza is cut into 4 slices, so one whole pizza is four fourths."
1tfw3zv.wav,"Two pizzas is 4 and 4. That's 8 slices."
112mvih.wav,"Now the part pizza. It has 3 more slices."
d84oy0.wav,"8 and 3 more makes 11 slices."
e9swfy.wav,"Every slice is one fourth, so 11 slices is eleven fourths."
1vtty15.wav,"Is that more pizza? No. Same pizza, counted a new way."
1qrwct5.wav,"So 2 and three fourths equals eleven fourths."
mr53k4.wav,"Don't add the 2 to the 3."
1kbqhfe.wav,"Each whole pizza is 4 slices, so it's 4 and 4 and 3. That's eleven fourths."
13yy5h4.wav,"Look at all these numbers. Each amount has wholes and pieces."
einn3r.wav,"Where do you start? Sort them first."
dts5cp.wav,"Wholes go with wholes. Pieces go with pieces."
1ky5r6i.wav,"Add the wholes, add the pieces, then put them together."
8yx0ry.wav,"Wholes first. 1 whole cup for bread, and 1 whole cup for pancakes."
1y3rnf1.wav,"1 and 1 makes 2 whole cups."
kwgpol.wav,"Now the pieces, one fourth and two fourths. Both are fourths, the same size."
1ec7bn7.wav,"1 fourth and 2 fourths make 3 fourths. That's three fourths of a cup."
1f8ejs0.wav,"Now put the two answers together. 2 whole cups, and three fourths of a cup more."
1cf5229.wav,"So 1 and one fourth plus 1 and two fourths equals 2 and three fourths cups."
17hwxxc.wav,"Don't add the bottom numbers."
1gxv583.wav,"Fourths and fourths are still fourths, so the bottom stays 4."
14s160b.wav,"Look at 3 and one fourth. Do they mean the same thing?"
11ttfwm.wav,"No. The 3 counts friends. The one fourth is the size of each piece."
w8axp7.wav,"So you can't just multiply 3 by 4."
1dilolz.wav,"A whole number times a fraction is that many copies of one piece, so count the pieces and keep their size."
qysik0.wav,"Each friend gets one piece, one fourth of a sandwich."
1ac7kho.wav,"3 friends, so 3 copies of one fourth."
12not5j.wav,"Now put the 3 pieces together in one sandwich."
1rl2raj.wav,"They fill 3 of the 4 parts. One part is still empty."
24egwo.wav,"So 3 copies of one fourth is three fourths."
u7gknt.wav,"The pieces grew from 1 to 3. Their size stayed the same."
sljops.wav,"So 3 times one fourth equals three fourths."
8fbj3w.wav,"Don't multiply the bottom number too."
2e04zm.wav,"That gives three twelfths, much smaller pieces. The pieces are still fourths."
1d7b5g0.wav,"Both paths are straight."
149i7qz.wav,"Cover the ends, and the middles look the same."
vqnyfc.wav,"How do we tell them apart?"
nivff9.wav,"Look at the ends, a dot means the path stops there, and an arrow means it goes on forever."
vdsb9d.wav,"The string stops at both ends, so each end gets a dot."
1vw7ozr.wav,"Two dots make a line segment."
c9i31z.wav,"The beam starts at the flashlight, so that end gets a dot."
12h3dpe.wav,"It never stops, so the other end gets an arrow."
1murfy7.wav,"One dot, one arrow. That's a ray."
m6bw0u.wav,"What if both ends get an arrow?"
f2y9g4.wav,"Then it goes on forever both ways. That's a line."
1vfn8fo.wav,"Don't name a path by how long it looks."
15l48v1.wav,"A short path with two arrows is still a line. Look at the ends."
gn3g7t.wav,"Do long rays make a big angle? No."
10i63f1.wav,"Two long rays can barely open."
1tonkj4.wav,"What counts is how wide they open."
5qjf5y.wav,"Hold the angle up to a square corner, narrower is acute, the same is right, and wider is obtuse."
1lq9aei.wav,"Start with the corner of a book."
17u4b2c.wav,"That square corner is a right angle, and a little square marks it."
1anpkov.wav,"Now hold a square corner up to this one."
1x7fmgu.wav,"It opens less, so it's narrower. That's acute."
edm0dt.wav,"This one opens more."
1k37l8.wav,"Look. A whole square corner fits inside, with some extra."
1ezxqjo.wav,"Wider than a square corner is obtuse."
9vb9tu.wav,"Long rays do not make an angle obtuse."
1c9agl5.wav,"Only the opening counts. Hold it up to a square corner."
18sgejy.wav,"Narrow isn't exact."
dbh8ev.wav,"These two are both narrow, and they're not the same."
eo3wjj.wav,"So how do we say it? With a number."
14od7o8.wav,"Put the middle of the protractor on the corner and 0 on one ray, then count up to the other ray."
1oqyw3f.wav,"This is a protractor. Its edge is marked in degrees."
1qaetos.wav,"Put its middle on the corner."
1cgezol.wav,"Turn it so one ray sits on 0."
de68og.wav,"Each small mark is 10 more."
1dgztg3.wav,"Ten, twenty, thirty, forty."
4d65hv.wav,"The other ray is right on 40."
1c0ybxy.wav,"So how far does the ramp open? 40 degrees."
18y330p.wav,"The small circle up high means degrees."
x71qpt.wav,"Don't count from the far end."
1bssrml.wav,"It has two rows of numbers. Start at the 0 on your ray. That gives 40, not 140."
1v61drn.wav,"You could measure each part."
10g73f9.wav,"But if you know the whole and one part, do you need to? No. You can work it out."
1eli6gw.wav,"When an angle is split into parts, the parts add up to the whole angle."
1m9ubt4.wav,"Here's a 40 degree part, and next to it, a 50 degree part."
2n0zt7.wav,"Together they fill the square corner."
13ko0sa.wav,"So how big is the whole? Add the parts."
153fujj.wav,"40 plus 50 equals 90."
ggv0pa.wav,"That's 90 degrees, a right angle."
1lt03jy.wav,"Now turn it around. The whole is 90 degrees, and one part is 40."
182fx6.wav,"Take the part away."
syd3ma.wav,"90 minus 40 equals 50. The missing part is 50 degrees."
1io0x5i.wav,"When a part is missing, don't add it on."
ehlswa.wav,"That makes it bigger than the whole. Take the part away."
9jwih4.wav,"The rails never cross. The plus sign does."
o72qmf.wav,"So how do we name each pair?"
1x5hyxx.wav,"We check the gap, and the corner."
x8wo7s.wav,"Lines with the same gap all the way are parallel, and lines that cross at a square corner are perpendicular."
1lna68j.wav,"Start with the rails."
1qqydto.wav,"The gap here, here and here is the same."
1yovtdq.wav,"So they never meet."
1uy6h5u.wav,"They are parallel."
19k13uh.wav,"Now the plus sign."
16sebee.wav,"The lines cross, and all 4 corners are square corners."
1m66ec5.wav,"We mark one with a small square."
1xq0sbx.wav,"They are perpendicular."
1aw94se.wav,"What about open scissors?"
1angyvp.wav,"They cross, so they are not parallel."
1ws1i6j.wav,"The corners are not square, so they are not perpendicular."
fhf288.wav,"They are neither."
3vd47d.wav,"Not touching does not mean parallel."
otnij2.wav,"This gap gets smaller, so they meet farther on."
17hn1sp.wav,"Count the sides. Every one has 3."
1iu113m.wav,"Count the corners. 3 again."
uko11f.wav,"So what makes them different? The size of their angles."
1cw1izg.wav,"Find the biggest angle, a square corner makes a right triangle, wider makes an obtuse triangle, and narrower makes an acute triangle."
heb6xl.wav,"Find the biggest angle first."
1wrqwnc.wav,"Here it's this corner, with a small square."
vujcwr.wav,"That's a right angle, 90 degrees."
s015xg.wav,"So this is a right triangle."
j2kcwp.wav,"Next one. Its angles are 25 degrees, 35 degrees and 120 degrees."
1ekdhlg.wav,"The biggest is 120 degrees."
ti8rwz.wav,"Is that wider than 90 degrees? Yes."
1nc6vqu.wav,"So this is an obtuse triangle."
1o1unj0.wav,"Last one. Its angles are 70 degrees, 70 degrees and 40 degrees."
1ou20ei.wav,"Even the biggest, 70 degrees, is narrower than 90 degrees."
gh43hw.wav,"So this is an acute triangle."
1j9rea4.wav,"Don't name a triangle by a small angle. Every triangle has small ones."
evlcqv.wav,"Only the biggest angle names it."
pbq3i1.wav,"All 3 have 4 sides."
us35xt.wav,"So is 4 sides a name? No."
1sbn943.wav,"Look at which sides are parallel."
1q4l9j9.wav,"Count the pairs of parallel sides first, then check the sides and corners to find the best name."
1dtl07d.wav,"Take the leaning shelf."
1n6unup.wav,"Top and bottom are parallel. That's 1 pair."
12crcer.wav,"Left and right are parallel too. 2 pairs."
y5e8o0.wav,"So it's a parallelogram."
105t468.wav,"Now the lampshade side."
12kya2d.wav,"Top and bottom are parallel again."
g0465e.wav,"But the other 2 sides lean in, so they would meet."
zvrmmo.wav,"Just 1 pair. It's a trapezoid."
1kyteir.wav,"What about the table top?"
13ih1k4.wav,"2 pairs, and 4 square corners."
r6sckm.wav,"So it's a rectangle."
1r5y6n8.wav,"With 4 equal sides too, it would be a square."
1cwlt6n.wav,"Not every leaning shape is a rhombus."
1l4xu7j.wav,"It needs 4 equal sides. The shelf leans, but its sides don't match."
1tu85lf.wav,"How can you tell if a fold works?"
1xcll6p.wav,"Picture the fold, and check where every part lands."
uwys7z.wav,"A fold line counts only if the two halves land exactly on top of each other."
dyle0t.wav,"Fold the house down the dashed line."
11a6wj7.wav,"Wall lands on wall, roof on roof."
b4tt39.wav,"Nothing sticks out, so this line works."
1tq9hso.wav,"Now try a line across the middle."
1mth9mc.wav,"Fold the top down."
1wanbtm.wav,"The top has a point, and the bottom has square corners."
1w7xzp9.wav,"They don't match, so this line does not work."
tc062k.wav,"Can a shape have more than one?"
ckg2ik.wav,"This rectangle can."
kaqwi7.wav,"Down the middle works, and across the middle works."
1b6hp4.wav,"So it has 2 fold lines."
1s5r4za.wav,"On a long rectangle, corner to corner does not work."
1wqccuh.wav,"Fold it, and the corners stick out."
winszw.wav,"You know this one. 3 strips out of 10 is three tenths."
1fak0cg.wav,"But a scale shows a number with a point in it."
qefw5e.wav,"So how do we write three tenths with a point?"
1ovpgyy.wav,"The first digit after the point counts tenths, so three tenths is zero point three."
1u7d585.wav,"Look at one strip."
146o9dm.wav,"The bar has 10 equal strips, so one strip is one tenth."
17le0in.wav,"We write it one tenth, or with a point, zero point one."
xl2lq2.wav,"Now count your strips with me."
u2bbtd.wav,"One, two, three."
he2fpq.wav,"Each one is a tenth, so that's 3 tenths."
1l3bihk.wav,"As a fraction, it's three tenths."
1lceyuy.wav,"With a point, it's zero point three."
7r7ugw.wav,"The zero means no whole bar, and the 3 sits right after the point."
y7zy68.wav,"Don't write zero point zero three. That extra zero pushes the 3 one place too far."
1hnd6p4.wav,"Tenths go right after the point, so it's zero point three."
1rzuttk.wav,"Remember, one full column is one tenth."
1uguxno.wav,"But 25 squares is more than 2 columns, and less than 3."
1g9c5gl.wav,"So how do we name the extra squares?"
exurt5.wav,"The second digit after the point counts hundredths, so twenty-five hundredths is zero point two five."
1yrbo0x.wav,"Now go smaller, to one little square."
jsk9ar.wav,"The sheet has 100 equal squares, so one square is one hundredth."
1nkd25b.wav,"We write it one hundredth, or with a point, zero point zero one."
1c7kcp1.wav,"Now count the used stickers. Full columns first, by tens."
tyo1se.wav,"Ten, twenty. Then 5 more makes 25."
1704kjg.wav,"That is twenty-five hundredths."
1tu73b2.wav,"As a fraction, it's twenty-five hundredths."
1xru1j8.wav,"With a point, it's zero point two five."
12qd8kz.wav,"The 2 counts the full columns, and the 5 counts the extra squares."
17wgeyz.wav,"Don't write two point five. That means more than 2 whole sheets."
17m1hkd.wav,"Hundredths need two places after the point, so it's zero point two five."
19c9api.wav,"Look at the two numbers."
7ft4r6.wav,"Zero point five zero has more digits than zero point five, and 50 is more than 5."
vgitv2.wav,"So is zero point five zero bigger? Let's check on the tray."
1as9g8z.wav,"A zero on the end does not change the amount, so zero point five and zero point five zero cover the same space."
eh4mar.wav,"First, count the shaded part by columns."
xmvwpc.wav,"Each column is one tenth, and 5 are shaded."
sunipn.wav,"That's 5 tenths. We write zero point five."
lbt51.wav,"Now count the same part by squares."
19cql9m.wav,"5 columns of 10 is 50 squares."
1m25yem.wav,"That's 50 hundredths. We write zero point five zero."
ez7jkl.wav,"Did anything move? No."
o8hgvr.wav,"The same squares are shaded, so zero point five and zero point five zero are the same amount."
1bpfgri.wav,"Ana and Ben are both right."
1oira0a.wav,"Don't call zero point five zero bigger just because 50 is more than 5."
ry4i4g.wav,"Look at the tray. They cover the same squares."
10x4hpq.wav,"The line only shows two numbers, 0 and 1."
13uzzf0.wav,"The dot is between them, so it isn't a whole mile."
nlzso3.wav,"So what number names that dot?"
osa88l.wav,"Cut the space from 0 to 1 into 10 equal jumps, and each jump is one tenth."
9rnpv4.wav,"Count the jumps from 0 to 1 with me."
vt1zwv.wav,"There are 10, all the same size."
1bhop30.wav,"So each jump is one tenth of a mile."
bkjcnz.wav,"Now start at 0 and hop to the dot."
12hljek.wav,"One tenth, two tenths, three tenths, four tenths, five tenths, six tenths."
m0wf7u.wav,"How many jumps was that? 6."
10b66rs.wav,"Six jumps of one tenth make six tenths."
qedj47.wav,"So you've walked six tenths of a mile."
1g4nx8y.wav,"Don't count the marks. The mark at 0 is where you start, not a jump."
1ue2rgk.wav,"Count the jumps, and you land on six tenths."
7pchug.wav,"Look at Kim's zero point five and Raj's zero point four five."
tfkmfs.wav,"Zero point four five is longer, and 45 is more than 5. So does Raj drink more?"
zpooif.wav,"Wait. After the point, digits are pieces of one bottle."
k1si49.wav,"Line up the points and compare from the left, so the tenths decide before the hundredths do."
nvj2qu.wav,"A tenth is one full column."
qv7hk6.wav,"Kim's zero point five has 5 tenths, 5 columns."
15njcld.wav,"Raj's zero point four five has 4 tenths, and 5 loose squares."
1bx3p52.wav,"Can 5 loose squares catch up? No."
12qnitn.wav,"Kim has 50 squares. Raj has 45."
r6xv1u.wav,"So zero point five is zero point five zero, and 50 hundredths beats 45."
1eww2xj.wav,"Now write it with a sign. Zero point five is greater than zero point four five."
1cgrzq.wav,"The open side faces the bigger number. Kim drinks more."
7gspav.wav,"Don't pick the number with more digits."
wn3tt.wav,"Line up the points. 4 tenths is less than 5 tenths."
1pgvpkh.wav,"Can we just add 3 and 4 to get 7?"
l75yzf.wav,"A tenth is a whole column. A hundredth is one tiny square."
ar4brt.wav,"No. The pieces are not the same size."
ul8508.wav,"Change the tenths into hundredths, so every piece is the same size, then add."
81ky6c.wav,"One column holds 10 little squares."
155t6i3.wav,"So 1 tenth is 10 hundredths."
1hcbchz.wav,"Dad painted 3 columns, that's 30 squares. So three tenths is 30 hundredths."
1hf1p9u.wav,"Now everything is little squares."
1904ygj.wav,"Dad's 30, and your 4 more. How many is that?"
vspmeu.wav,"34 squares out of 100. That's 34 hundredths."
7yenxj.wav,"And 34 hundredths with a point is zero point three four."
1xbz2kq.wav,"The 3 is Dad's 3 columns. The 4 is your 4 squares."
1pcbz4.wav,"Don't add the bottom numbers."
n5jz0e.wav,"10 and 100 are sizes, not amounts. Change the tenths into hundredths first."
kukmbv.wav,"Here is your money. 2 dollars, 3 dimes, 5 pennies."
vmjnz0.wav,"The tag just says two point three five, with a dollar sign."
j2plqa.wav,"So which digit counts the dimes, and which the pennies?"
1ixcvrh.wav,"Dimes are tenths of a dollar and pennies are hundredths, so dimes go first after the point and pennies second."
yzixr7.wav,"10 dimes make 1 dollar."
32fjah.wav,"So one dime is one tenth of a dollar."
12d3b30.wav,"Tenths go first after the point. Your 3 dimes make the 3."
1n7h6rz.wav,"100 pennies make 1 dollar."
1bpjdea.wav,"So one penny is one hundredth of a dollar."
1nvbc1u.wav,"Hundredths go second. Your 5 pennies make the 5."
tul7f7.wav,"Now put it together."
1i04gm8.wav,"Dollars, then the point, then dimes, then pennies."
154zz9h.wav,"That's 2 dollars and 35 cents, like the tag. You have just enough."
cv7w39.wav,"Don't put 5 cents right after the point."
m5az9s.wav,"That place is for dimes, so zero point five dollars is 50 cents. 5 cents is zero point zero five dollars."
f6hzkf.wav,"You could add 40, ten times."
1rsuzmd.wav,"That works. But it takes a while, and it's easy to lose count."
u45sg3.wav,"Is there a faster way? Yes. It's in this chart of places."
fj08d3.wav,"Slide a digit left and it's worth 10 times as much, slide it right and it's worth one tenth as much."
r6wd8d.wav,"Look at the places, from the right."
1h2vch6.wav,"10 ones make 1 ten. 10 tens make 1 hundred. 10 hundreds make 1 thousand."
1sdn48o.wav,"See the pattern? Each step to the left is 10 times as much."
s5dh3x.wav,"Look at 40. The 4 is in the tens place."
2qhi2w.wav,"Slide it one place to the left, into the hundreds. That's 400."
lrzbxw.wav,"That's 10 times as much. So a carton holds 400 pencils."
12q1h2v.wav,"Now go back the other way. One box is one tenth of a carton."
kdex4j.wav,"Slide the 4 in 400 one place to the right, back to the tens. That's 40."
ia3usj.wav,"So one tenth of 400 is 40 pencils."
bju0ms.wav,"Ten times as much does not mean add 10."
crgd4p.wav,"That gives 50. Every digit slides one place to the left."
1m6caat.wav,"Add 37 one thousand times? That would take all day."
14dc7m5.wav,"There's a faster way. And it works for dividing too."
14ynwfb.wav,"Each zero in 10, 100 or 1,000 slides every digit one place, left to multiply and right to divide."
5jaec9.wav,"Start with 10. It has one zero."
1cwmewk.wav,"So 37 times 10 slides the 3 and the 7 one place to the left."
1cz4ejs.wav,"The ones place is empty now, so a zero fills it. That's 370."
1a0kskd.wav,"Now 100. It has two zeros, so the digits slide two places. That's 3,700."
epqnf9.wav,"1,000 has three zeros, so they slide three places. That's 37,000."
105ql7z.wav,"So the shop has 37,000 beads."
1oqmpmt.wav,"Now go backwards. The shop shares 37,000 beads into 1,000 bags."
1ybi7wa.wav,"1,000 still has three zeros. So every digit slides three places — this time to the right."
dmgdy5.wav,"The zeros slide off the end. That's 37 beads in each bag."
j3xqj.wav,"When you divide, don't slide left."
1enohhe.wav,"Dividing makes the number smaller, so every digit slides right."
1hzti5q.wav,"Count the zeros in 1,000,000. Six? It's hard to be sure at a glance."
3ai7ag.wav,"And one zero too many makes it 10 times too big."
b9zbba.wav,"Is there a shorter way? Yes. A small number can count them."
lbsdou.wav,"The small number up top says how many tens you multiply, and that is how many zeros to write."
1je8uar.wav,"Look. 10 times 10 is two tens, so we write 10 to the second. That's 100."
1uchtej.wav,"10 times 10 times 10 is three tens, so we write 10 to the third. That's 1,000."
1e6wkdd.wav,"See the pattern? Each 10 adds one more zero."
fh16n5.wav,"Back to the city. 1,000,000 is a 1 with 6 zeros."
19p53ba.wav,"Count them with me. One, two, three, four, five, six."
16bo9ie.wav,"Six zeros, six tens. So the city has 10 to the sixth people."
c1lqx2.wav,"That small number also says how far the digits slide."
1mi9kgr.wav,"So what is 45 times 10 to the third? Slide 3 places left. That's 45,000."
150cdx1.wav,"And 62,000 divided by 10 to the third slides 3 places right. That's 62."
874qx0.wav,"10 to the third does not mean 10 times 3. That gives 30."
1ophv28.wav,"It means three tens multiplied, 10 times 10 times 10. That's 1,000."
1so11cl.wav,"You could work out 28 times 412 exactly. That takes a lot of steps."
13p3ikz.wav,"But the question asks about how many. Do you need it exact? No."
3yzrxq.wav,"Is it near 1,000, 10,000 or 100,000? That's all you need."
17ms923.wav,"Swap each number for a close round number, use a fact you know, then write the zeros."
dfv7ag.wav,"Round each number at its biggest place."
1pnfh06.wav,"28 is only 2 away from 30."
1qwhdi2.wav,"And 412 is only 12 away from 400."
bztnww.wav,"So 28 times 412 is close to 30 times 400."
uyqimr.wav,"Now use a fact you know. 3 times 4 equals 12."
1jovfj0.wav,"Then count the zeros. 30 has one, and 400 has two. That's three."
1kl9w5b.wav,"Write them after the 12. So the farm packs about 12,000 eggs."
87lr70.wav,"Does dividing work the same way? Yes. 2,380 eggs go into crates of 58."
jwttia.wav,"Round 58 to the nearest ten, 60. Round 2,380 to the nearest hundred, 2,400."
1f44c44.wav,"24 divided by 6 equals 4, and 60 times 40 equals 2,400. So it's about 40 crates."
8xc0ik.wav,"Don't drop the zeros. 30 times 400 is not 1,200."
1sanc6b.wav,"It needs all three zeros after the 12, so it's 12,000."
sp9wtu.wav,"A kilometer is a long way. Walking one would take you a while."
yu6e7e.wav,"A meter? That's about one big step."
43181f.wav,"So will 5 kilometers be a few meters, or a lot? A lot."
8hrr25.wav,"A bigger unit is 10, 100 or 1,000 smaller ones, so multiply to go to the smaller unit and divide to go to the bigger one."
ssjopk.wav,"Which unit is bigger here? The kilometer."
tu0kvw.wav,"1 kilometer is exactly as long as 1,000 meters."
1147ofv.wav,"So every kilometer of the run is 1,000 meters."
11488eu.wav,"Meters are smaller, so it takes more of them to cover the same distance."
1xilp0f.wav,"Smaller unit, more of them. So we multiply."
1f8xed2.wav,"5 times 1,000 equals 5,000. The run is 5,000 meters long."
1r90vl1.wav,"Now the other way. A runner has gone 3,000 meters. How many kilometers is that?"
b4q9qm.wav,"Kilometers are bigger, so there are fewer of them. That means divide."
w4ygj2.wav,"3,000 divided by 1,000 equals 3. So it's 3 kilometers."
gex75p.wav,"Going to a bigger unit, don't multiply."
1kuz1at.wav,"A kilogram is 1,000 grams, so 6,000 grams is only 6 kilograms. A bigger unit means a smaller number."
17fdue9.wav,"Look at the two numbers. The jug is in liters, but the cups are in milliliters."
2itwrz.wav,"Can we just divide 2 by 250? Not yet. They count different units."
zzht80.wav,"Change to the same unit first, then solve the story one step at a time."
1mfoc46.wav,"1 liter is 1,000 milliliters, so let's count the jug in milliliters."
ehx484.wav,"2 times 1,000 equals 2,000. The jug holds 2,000 milliliters."
pf9nbb.wav,"Now the jug and the cups are both in milliliters."
sozu76.wav,"Now, how many cups? 4 cups of 250 milliliters make 1,000 milliliters."
19dc76.wav,"The jug holds two of those thousands, so 2 times 4 equals 8 cups."
cx3wze.wav,"That is exactly what 2,000 divided by 250 asks."
hss02b.wav,"Now check. 8 cups of 250 milliliters is 8 times 250 equals 2,000 milliliters."
1l738xo.wav,"That's 2 liters, the whole jug, with nothing left over."
14ec5h2.wav,"So you can fill 8 cups."
eoj5rn.wav,"Don't do the math with two different units."
1cx9x1p.wav,"Change 2 liters into 2,000 milliliters first, and then divide."
cq05j6.wav,"6 times 128 isn't a fact you know by heart."
1nwhh95.wav,"You could add 128 six times. But that's slow, and one slip changes the answer."
1rdzde8.wav,"Is there a better way? Yes, and you already know the pieces."
8bdalo.wav,"Break the big number into hundreds, tens and ones, multiply each part, then add the parts."
3z57ji.wav,"Look at 128. It's 1 hundred, 2 tens and 8 ones."
6i9xf1.wav,"So each row of 128 splits into three parts, 100, 20 and 8."
spawut.wav,"Now multiply one part at a time. 6 times 1 hundred is 6 hundreds, so 6 times 100 equals 600."
157z2jw.wav,"6 times 2 tens is 12 tens, so 6 times 20 equals 120."
1a9yzho.wav,"And 6 times 8 equals 48."
vvrhhk.wav,"Last, add the three parts. 600 plus 120 plus 48 equals 768."
i3zoik.wav,"So 6 times 128 equals 768. There are 768 corn plants in the field."
54b5zw.wav,"Don't multiply the digits as if they were all ones."
1n81qca.wav,"The 1 in 128 means 100 and the 2 means 20, so the parts are 600 and 120, not 6 and 12."
1o215t1.wav,"You can already multiply 115 by one digit."
ly1o67.wav,"But 26 has two digits. Add 115, 26 times? That would take far too long."
f7g1tv.wav,"Break the two-digit number into tens and ones, multiply by each part, then add the two answers."
lufngt.wav,"26 is 2 tens and 6 ones."
60aieb.wav,"So 26 boxes are 20 boxes and 6 more, and each box still holds 115 books."
1q8d89m.wav,"Start with the tens. 115 times 2 equals 230."
ilzvzw.wav,"20 is 10 times 2, so 115 times 20 is 10 times as much. That's 2,300."
1497jjw.wav,"Then the ones. 115 times 6 equals 690."
1ctp1eo.wav,"Now add the two answers. 2,300 plus 690 equals 2,990."
qxqeiq.wav,"So 115 times 26 equals 2,990. The shop gets 2,990 books."
pj5ox0.wav,"Don't multiply by 2 when the 2 is in the tens place."
1r1abh9.wav,"It means 2 tens, which is 20. So multiply 115 by 20, not by 2."
1cbvn5r.wav,"You could break 23 into 20 and 3, and work out 124 times 20 and 124 times 3."
1ddsd70.wav,"That works, but it's a lot to write."
1f4ic3t.wav,"Is there a shorter way? Yes. Stack the numbers in columns."
1659vkm.wav,"Make a row for the ones, then a row for the tens that starts with a zero, and add the two rows."
9czdl4.wav,"Start with the 3 ones. 4 times 3 equals 12, so write the 2 and carry the 1."
1d6la6l.wav,"2 times 3 equals 6, and the carried 1 makes 7."
1axujho.wav,"1 times 3 equals 3. So the ones row is 372."
1l1dnu6.wav,"Now the 2 in 23. Is it just 2? No, it's 2 tens."
ihgdj3.wav,"So write a zero in the ones place first."
1cg9kqr.wav,"Then 124 times 2 equals 248, and the tens row is 2,480."
z1v7gt.wav,"Now add the two rows. 372 plus 2,480 equals 2,852."
1a0abrw.wav,"Look. Those rows are 124 times 3 and 124 times 20, the two parts from before."
12x7ss7.wav,"So there are 2,852 chairs in the hall."
1mmtdr3.wav,"In the tens row, don't forget the zero."
1ouwapk.wav,"Without it, the row is 248, not 2,480."
xjumrp.wav,"With 23, you made two rows, one for the ones and one for the tens."
1863y18.wav,"But 123 has three digits. What about the 1 hundred?"
1r6u5ip.wav,"It gets a row of its own."
1vbc5e5.wav,"Make a row for each digit of the bottom number, give each new row one more zero, then add all the rows."
1u3zsde.wav,"Start with the 3 ones. 231 times 3."
4a0pgn.wav,"1 times 3 equals 3, 3 times 3 equals 9 and 2 times 3 equals 6. So the ones row is 693."
206dju.wav,"Next, the 2 in 123. That 2 means 2 tens, so write one zero first."
1ralypx.wav,"Then 231 times 2 equals 462. The tens row is 4,620."
dtahc6.wav,"Last, the 1 in 123. It means 1 hundred, so this row starts with two zeros."
186440d.wav,"Then 231 times 1 equals 231. The hundreds row is 23,100."
1wdl4yc.wav,"Add all three rows. 693 plus 4,620 plus 23,100 equals 28,413 bottles."
f25lfp.wav,"The hundreds row starts with two zeros."
16ivzd3.wav,"The 1 in 123 is 1 hundred, so the row is 23,100, not 231."
csck5i.wav,"You already know how to work out 406 times 35."
wt2b99.wav,"But with big numbers, one small slip, like a lost zero, throws the answer far off."
1ddoy8i.wav,"So how do you catch it? Estimate first."
1ki9id8.wav,"Estimate with round numbers first, then multiply the standard way and check that your answer is close."
pjifkw.wav,"406 is close to 400, and 35 rounds up to 40."
1kbmgty.wav,"400 times 40 equals 16,000."
h0c43m.wav,"So the answer should be somewhere near 16,000."
1of4fy0.wav,"Now multiply for real. The ones row is 406 times 5 equals 2,030."
119apz5.wav,"The tens row starts with a zero. Then 406 times 3 equals 1,218, so the row is 12,180."
zmo3ht.wav,"Add the rows. 2,030 plus 12,180 equals 14,210."
1rm3j6l.wav,"Now check. Is 14,210 close to 16,000? Yes, so it makes sense."
swf9qn.wav,"The warehouse ships 14,210 toys."
1eq6g5n.wav,"If your answer is far from the estimate, don't keep it."
1wad926.wav,"3,248 is nowhere near 16,000, so a row lost its zero. Go back and fix that row."
tfs7mp.wav,"240 divided by 60 isn't a fact you know by heart."
1nylw95.wav,"You could count up by 60s, but that's slow, and one slip changes the answer."
l2qvzc.wav,"Is there a fact hiding inside it? Yes."
14esx1n.wav,"Think of both numbers in tens, and 240 divided by 60 becomes 24 tens divided by 6 tens, the same as 24 divided by 6."
1fihuqm.wav,"Look at this line. Each small step is 10."
16gs4ng.wav,"Jump 10 tens to 100, 10 more to 200, then 4 more to 240."
11c758m.wav,"That's 24 tens in all."
13yld3s.wav,"Now one bus. It seats 60 students."
gcyxop.wav,"How many small steps is 60? 6, so 60 is 6 tens."
52el9e.wav,"One busload is one jump of 6 tens."
19z2pia.wav,"So jump 6 tens at a time, from zero all the way to 240."
vab161.wav,"That's 4 jumps, because 24 divided by 6 equals 4."
pu4myl.wav,"So 240 divided by 60 equals 4. The students fill 4 buses."
1p271r5.wav,"Take the zero off both numbers, never just one."
6515gt.wav,"Take it off only the 60 and you get 240 divided by 6, a different problem."
16uxcir.wav,"You know your facts up to 10 times 10. But nobody learns the 17s."
1bu99ut.wav,"You could count 17, 34, 51 and on, but it's slow and hard to keep track."
nm1nbs.wav,"Is there a quicker way? Yes, a smart guess."
o6ci6v.wav,"Guess with the nearest ten, then multiply to check, and if a whole group still fits in what is left, add one more."
1ol2zcu.wav,"17 is close to 20, so guess with 20s."
1lcc1ro.wav,"How many 20s fit into 68? 3 times 20 equals 60, and 4 times 20 equals 80 is too many."
12lb1qe.wav,"So the guess is 3 teams."
1nm6xs9.wav,"Now check with the real team size. 3 times 17 equals 51."
j2lj46.wav,"Take that away. 68 minus 51 equals 17, so 17 kids are left."
15rn9bp.wav,"Wait. 17 kids left is a whole team, so the guess was too small."
1g68x2v.wav,"Add one more team. 4 times 17 equals 68, and no one is left out."
1d00tkp.wav,"So 68 divided by 17 equals 4. The coach makes 4 teams."
10o714h.wav,"Don't stop while a whole group still fits in what's left."
pq8noa.wav,"17 left makes one more team, so the answer is 4, not 3."
1bnpklt.wav,"You usually start with the first digit, or the first two."
19u5k66.wav,"But 23 doesn't fit into 1, and it doesn't fit into 18 either."
bofib3.wav,"If the number you divide by doesn't fit into the first two digits, the answer has one digit, so guess with round numbers and try one less if it's too big."
85bdde.wav,"23 doesn't fit into 18 tens, so the answer has no tens."
ab5on7.wav,"Where does its one digit go? Up over the 4."
1l0u24g.wav,"23 is close to 20. How many 20s fit into 184? 9 times 20 equals 180, so guess 9."
1xj200a.wav,"Now check with the real number. 9 times 23 equals 207."
xtiq5e.wav,"That's more than 184, so 9 is too big."
hp09m9.wav,"So try one less. 8 times 23 equals 184."
f3eji.wav,"It fits exactly, with zero left, so write the 8 over the 4."
3ue4md.wav,"184 divided by 23 equals 8. The shop makes 8 bunches."
1pilohf.wav,"Never keep a guess that is too big."
162ge0q.wav,"9 times 23 equals 207, and that's more than the 184 roses, so try one less."
1iwbb4u.wav,"Can you find 312 divided by 13 with one guess? Not really."
1ybq4qn.wav,"13 fits into 31, the first two digits. So the answer has a tens digit and a ones digit."
jy0y41.wav,"We find them one at a time."
b2isew.wav,"Divide the tens first, then bring down the ones and divide again."
bd5c7k.wav,"Start with the 31 tens. How many thirteens fit?"
18kvy3z.wav,"2 times 13 equals 26 fits. 3 times 13 equals 39 is too many."
n5qutr.wav,"So write the 2 over the 1, and take away. 31 minus 26 equals 5."
t9vv03.wav,"5 tens are left over."
1iybohl.wav,"Bring down the 2 ones and write it beside the 5. Now there are 52 to divide."
t5rbqf.wav,"Round two. 4 times 13 equals 52, so write the 4 over the 2."
1u870o5.wav,"Take away. 52 minus 52 equals 0."
134hbnz.wav,"So 312 divided by 13 equals 24. The store fills 24 cartons."
1fzf7d4.wav,"Don't stop after the tens."
kd43n3.wav,"The 2 ones still have to come down. You're done only when every digit has come down."
1efpddl.wav,"Where does the answer start?"
ge99i7.wav,"24 doesn't fit into 11, the first two digits of 1,176."
59j9lr.wav,"Start one place too far left, and every digit lands one place off."
ycf5di.wav,"Start where the number you divide by first fits, then bring down one digit at a time."
1cjokle.wav,"Does 24 fit into 1? No. Into 11? No."
1jyg8ut.wav,"Into 117, the first three digits? Yes."
16xvbwp.wav,"So the first digit of the answer goes over the 7."
1g1ifeh.wav,"How many twenty-fours fit into 117? 4 times 24 equals 96 fits, and 5 times 24 equals 120 is too many."
10kshv1.wav,"Write the 4 over the 7, and take away. 117 minus 96 equals 21."
1hevlzg.wav,"Then bring down the 6. That makes 216."
u85xpy.wav,"One more round. 9 times 24 equals 216, so write the 9 over the 6."
kx84fs.wav,"216 minus 216 equals 0, and there are no digits left to bring down."
12usxs2.wav,"So 1,176 divided by 24 equals 49. Each kid gets 49 stickers."
4m03bd.wav,"Don't put the first digit over the second 1. It goes over the 7, the last digit of 117."
2su5hx.wav,"Over the 1, the answer comes out 490. That's 10 times too many."
kp2oda.wav,"You could add every piece, 4 plus 2 plus 4 plus 2 plus 4 plus 2."
a8bpzx.wav,"That's long. And it hides the best part."
unq7m.wav,"What's the same every time? Each bag. They're all 4 plus 2."
19pdlrj.wav,"The parentheses keep one bag together, so 3 times 4 plus 2, all together, means 3 times as much as 4 plus 2."
avfgsv.wav,"Start with one bag. 4 apples and 2 pears, so 4 plus 2."
ig99b7.wav,"Put parentheses around it. Now the whole bag stays together."
lcegx0.wav,"There are 3 bags, all the same. So write 3 times 4 plus 2, all together."
1t815lb.wav,"It means 3 times as much as 4 plus 2."
knr20a.wav,"One bag is 6, so 3 bags are 18."
ek6ll3.wav,"Now look at 3 times 4 plus 2. Is it the same?"
cx3ujv.wav,"No. It's 3 bags of 4 apples, and just 2 pears in all."
1ngs6f4.wav,"3 times 4 plus 2, all together, has 2 pears in every bag, so it's more."
1pe8hbc.wav,"Don't drop the parentheses."
1ax8o7x.wav,"Without them, there are just 2 pears in all, not 2 in every bag."
1b6kt4t.wav,"What do the 4, the 6 and the 3 count? What do the times sign and the plus sign do?"
kgiek1.wav,"The board doesn't say."
pzqf5p.wav,"So a story has to give every part a job."
35wqdx.wav,"Give every number and sign a job in the story, and let the part in parentheses happen first."
1uyj4h5.wav,"The part in parentheses happens first, so it's one thing."
ye8npr.wav,"Make 6 plus 3 one bag, 6 red marbles and 3 green."
147v7z3.wav,"Now the 4 times. That means 4 of that whole bag."
1rvtfjr.wav,"So the story is 4 bags, each with 6 red and 3 green."
18ppwmg.wav,"Does the story match the board? Let's solve it."
wz2hm2.wav,"One bag has 6 plus 3 equals 9 marbles. 4 bags have 4 times 9 equals 36."
f19naa.wav,"The board gives 36 too. They match."
migz4r.wav,"Don't let the story multiply first."
u8hze8.wav,"4 bags of 6 red, plus 3 green, is 4 times 6, plus 3. The parentheses put 3 green in every bag."
1ohia5b.wav,"Can we share the markers among 18 classes yet? Not yet."
p0ze8g.wav,"How many markers are there in all? The story never says."
5dsdow.wav,"That number is hidden. We have to find it first."
gvym06.wav,"24 boxes, with 36 markers in each."
1h7cakx.wav,"24 times 36 equals 864. So there are 864 markers in all."
1y0csqm.wav,"Now answer the real question."
1ho7g64.wav,"Share the 864 markers among 18 classes. 864 divided by 18 equals 48."
66ja6q.wav,"Each class gets 48 markers."
1xo1ebk.wav,"Does 48 make sense? Check it."
mt4d1s.wav,"18 classes with 48 each is 18 times 48 equals 864."
dc2dcs.wav,"That's every marker in the 24 boxes. It checks out."
12bhm80.wav,"Don't stop at the hidden number."
hqsq3e.wav,"864 is all the markers, not one class's share. Finish with the question."
17thknd.wav,"The story gives 32, 25 and 186. Which one is the empty seats?"
6cwxd8.wav,"None of them. And pick a sign too soon, and you may answer a different question."
u0aqz.wav,"Draw the story as a tape, solve one part at a time, and check what the question asks."
ptshbz.wav,"32 rows of 25 seats make one long tape."
1dso6dt.wav,"32 times 25 equals 800. So the theater has 800 seats."
1r5ku2u.wav,"186 seats are sold. That's one part of the 800."
28jj47.wav,"The empty seats are the other part. So take away. 800 minus 186 equals 614."
1r682vc.wav,"Now read the question again. Does it ask for sold seats? No, empty ones."
1n2q4im.wav,"Check it. 614 empty and 186 sold make 800."
fbrein.wav,"So 614 seats are still empty."
kkpbxb.wav,"Don't add the sold seats."
l5z3rt.wav,"They're part of the 800, so take them away."
v0f75x.wav,"A half is a big piece. A fourth is a small one."
jgqngt.wav,"Can we add 1 piece and 1 piece? Not yet."
18ngr14.wav,"The pieces are different sizes."
jc6n1u.wav,"Make the pieces the same size first, then add how many pieces you have."
mxnapt.wav,"Cut each half down the middle."
1pa5gtc.wav,"Now the bar has 4 pieces, each a fourth."
1mvmpbb.wav,"Same amount, new name. So one half is two fourths."
7fgdg9.wav,"Now both bars are in fourths. Every piece is the same size."
jnm8zp.wav,"2 fourths and 1 more fourth make 3 fourths."
1b5ujyw.wav,"Look at the bottom number. It stays 4, because the pieces are still fourths."
15w6dao.wav,"So one half plus one fourth equals three fourths. You ran three fourths of a mile."
nu8jkb.wav,"Don't add the bottom numbers. One half plus one fourth is not two sixths."
1vo09ca.wav,"Adding doesn't make the pieces smaller, so the bottom stays 4."
1wokxrk.wav,"Thirds and fourths are different sizes."
1o6l46g.wav,"Can we cut thirds into fourths? No."
5we6t6.wav,"We need a size both can make."
1pad78m.wav,"Count by each bottom number, and the first number in both lists is a piece size that fits both."
1fzzmav.wav,"Now count by 4s. 4, 8, 12."
nff9mu.wav,"12 is the first number in both. So we use twelfths."
15o64l6.wav,"Cut each third into 4 pieces. So 2 thirds become 8 twelfths."
5twmaz.wav,"Cut each fourth into 3 pieces. So 1 fourth becomes 3 twelfths."
kxnkda.wav,"Look at both bars now."
18mfjzx.wav,"Did anything get bigger or smaller? No."
120cuym.wav,"Same amounts, new names, and the pieces match."
lpzeqd.wav,"Don't change only the bottom number. Two thirds is not two twelfths."
nnc7gj.wav,"Cut each piece into 4, so 2 shaded pieces become 8."
1xgpy1f.wav,"You have fourths, and you eat a half."
11otqrk.wav,"Can you take 1 piece from 3 pieces? Not yet."
1v05vod.wav,"A half is bigger than a fourth."
tndxdy.wav,"Make the pieces the same size first, then take away pieces."
1nrjvhx.wav,"Cut the half down the middle."
123m7c3.wav,"Now it is 2 fourths."
ba67sz.wav,"So the half you eat is 2 fourths."
1n0ewj4.wav,"Now take away. 3 fourths take away 2 fourths."
q9ty3x.wav,"How many are left? 1 fourth."
641nvl.wav,"The bottom number stays 4, because the pieces are still fourths."
12d37ev.wav,"So three fourths minus one half equals one fourth. There is one fourth of the pizza left."
1o8s2t1.wav,"Don't take away one bottom number from the other. Three fourths minus one half is not two halves."
1nh12wx.wav,"Two halves is a whole pizza, but you ate half of one. It's one fourth."
acz0r6.wav,"Look. There are 2 wholes and 2 pieces, and the pieces are different sizes."
apzwsy.wav,"Where do you start? With the wholes. The pieces come after."
2zaact.wav,"Add the wholes, then add the pieces, and if the pieces make a whole, trade them for 1 more whole."
a409rc.wav,"1 whole and 1 whole make 2 wholes."
16to3lc.wav,"Keep that 2 for later."
2438ms.wav,"Now the pieces. Cut the half into 2, and it's two fourths."
o2einv.wav,"2 fourths and 3 fourths make 5 fourths."
n588gv.wav,"Is that more than a whole? Yes. A whole is 4 fourths."
svk0wm.wav,"So trade 4 fourths for 1 whole, and 1 fourth is left."
14bhhnd.wav,"Add the 2 wholes. That's 3 and one fourth miles."
54ff90.wav,"Don't add the bottom numbers of the pieces. One half plus three fourths is not four sixths."
if3864.wav,"Make the pieces match first, then add them."
zhkcay.wav,"Look at the fourths first. You need to cut off 3 fourths."
i5y77.wav,"How many fourths do you have? Just 1."
na0aj8.wav,"You can't take 3 pieces from 1 piece. So where do more pieces come from?"
ys7vjo.wav,"If there are not enough pieces to take away, break 1 whole into pieces first."
dggpxq.wav,"So take 1 of the 3 whole feet and cut it into 4 fourths."
1ta9py1.wav,"Now you have 2 wholes, and 5 fourths instead of 1."
fbtj2l.wav,"It's the same ribbon, just cut up more. 3 and one fourth is the same as 2 and five fourths."
1e20hf9.wav,"Now there are enough pieces. Take 3 fourths away from 5 fourths."
1t9pag.wav,"Count what's left. 2 fourths."
1mv72e6.wav,"Then the wholes. 2 wholes take away 1 whole leaves 1 whole."
1ryfbzt.wav,"Put it all back together. 1 and two fourths feet of ribbon is left."
encevg.wav,"Don't flip it and take 1 fourth from 3 fourths. That gives 2 and two fourths."
upfvcw.wav,"You are cutting off 3 fourths, not 1. Break a whole first."
yxnuin.wav,"You could match fifths and sevenths. But that takes a lot of tiny pieces."
1nzp99w.wav,"Read the question again. Does it ask how much? No."
1fnbc8f.wav,"It only asks if you have more than 1 can."
158sm7g.wav,"Compare each part to one half, two parts over one half make more than 1, and two parts under one half make less than 1."
d9153n.wav,"Take three fifths. Half of 5 pieces is 2 and a half pieces."
1k5dud.wav,"Is 3 more than 2 and a half? Yes."
sxoler.wav,"So three fifths is more than half."
1ld2nfx.wav,"Now four sevenths. Half of 7 pieces is 3 and a half."
1pjh3cv.wav,"You have 4 pieces, which is more again."
bj5tcs.wav,"So four sevenths is more than half too."
diem8v.wav,"Half a can and half a can make exactly 1 can."
1gqnryy.wav,"Both of your cans are more than half."
x6iliw.wav,"So together you have more than 1 can, and you never had to add."
etopad.wav,"Don't add the tops and add the bottoms. That gives seven twelfths, and that is less than 1."
1g0t5wf.wav,"But each part was more than half, so together they are more than 1."
1p2287n.wav,"There are two numbers, and nothing says what to do with them."
12oqrpz.wav,"Add them? No. That would tell how far they ran together."
l79q1j.wav,"The question asks how much farther."
1r3pd1r.wav,"Draw the story as bars, then decide, put the parts together, or find the gap."
1t9ukci.wav,"So before any math, we draw."
1i3whpc.wav,"Max's bar is three fourths of a mile. Lee's bar goes right under it, one half of a mile."
10jp6rz.wav,"Both bars start at the same place."
1otn9v4.wav,"Now look. Max's bar sticks out past Lee's."
2h4o1j.wav,"That part is how much farther Max ran."
opn913.wav,"Finding a gap means taking away, three fourths minus one half."
waxnka.wav,"Make the pieces match first. one half is the same as two fourths."
1kep9dg.wav,"3 fourths take away 2 fourths leaves 1 fourth."
rzgkci.wav,"So Max runs one fourth mile farther."
1vywctn.wav,"Don't add just because you see two numbers. Adding tells how far they ran together."
1e2f3di.wav,"How much farther means the gap, and a gap means take away."
vrpmpe.wav,"This chart has no list of numbers, just X marks above a line."
1fca79e.wav,"So how do we take anything away? First, work out what one X means."
nvmdxj.wav,"Each X is one thing, and the number under it tells how much that thing measured."
7t8lpj.wav,"Here, one X is one plant."
1xunvzc.wav,"2 X marks sit above one fourth, so 2 plants grew one fourth inch."
z298gc.wav,"3 plants grew two fourths inch, and 1 plant grew three fourths inch."
1ijtfj3.wav,"Which plant grew the most? Look all the way to the right."
flgkvr.wav,"That X sits above three fourths."
1ylrc2.wav,"The least is all the way to the left, above one fourth."
1rpekff.wav,"The question wants the gap between them, so we take away."
f9i6fx.wav,"three fourths minus one fourth equals two fourths."
174pqa2.wav,"The plant that grew the most grew two fourths inch more."
1r3aoqt.wav,"Don't count the X marks and take those away."
132r8nh.wav,"The count tells how many plants. The number under them tells how much each one grew."
1tc46of.wav,"3 pizzas, and 4 friends."
11sc9ca.wav,"Can each friend get a whole pizza? No. There are more friends than pizzas."
1och05a.wav,"So each share is less than 1 pizza."
osvpf9.wav,"A fraction is a division, so 3 divided by 4 is the same as three fourths."
1b2hwb4.wav,"Look. Cut each pizza into 4 equal slices."
gxgmw8.wav,"Why 4? There is one slice for each friend."
15x8ukc.wav,"Every slice is one fourth of a pizza."
12js2fy.wav,"Now follow one friend."
1wurgfs.wav,"That friend takes 1 slice from each pizza."
17g5vxm.wav,"That's 3 slices, and each one is one fourth of a pizza."
b6ycne.wav,"Push the 3 slices together."
1onwgik.wav,"3 slices of one fourth make three fourths of a pizza."
5epu4p.wav,"So each friend gets three fourths, and 3 divided by 4 equals three fourths."
1sognmm.wav,"Don't flip the numbers to four thirds."
kxbl9e.wav,"four thirds is more than a whole pizza each. The number you share goes on top."
1vgbfia.wav,"two thirds of 12. Do you give 2 stickers? Or 3?"
d2xy6h.wav,"No. two thirds is a part of all 12, not a number of stickers."
jaanau.wav,"So first, we need to know how big one part is."
19bq6gu.wav,"To find two thirds of 12, cut 12 into 3 equal parts and take 2 of them."
bqj3xd.wav,"Look at the bottom number, 3. It says how many equal parts."
1rv0g04.wav,"So cut the 12 stickers into 3 parts."
1735lo.wav,"How many in each part? 12 divided by 3 equals 4."
lmqb8y.wav,"Now the top number, 2. It says how many parts to give."
1n07wh1.wav,"Give 2 parts. 4 and 4 is 8."
prh3i3.wav,"So two thirds of 12 is 8 stickers."
wbu1cs.wav,"Two steps, every time."
lov2w6.wav,"Divide by the bottom number. 12 divided by 3 equals 4."
1ufqkdk.wav,"Then multiply by the top number. 2 times 4 equals 8."
1cv52ed.wav,"Don't stop at one part."
1k5iaef.wav,"4 is only one third of 12. You give 2 parts, so it's 8."
wvbj8d.wav,"You eat one third. But one third of what?"
1wshe8k.wav,"Not of the whole pan. It's one third of the half you have."
1tud2j2.wav,"So how much of the whole pan is that?"
h8ur1b.wav,"Cut the half into 3 equal pieces, then count how many of those pieces fill the whole pan."
krmx58.wav,"Here is the whole pan."
p5ovu3.wav,"Cut it into 2 equal rows. The top row is your half."
186699d.wav,"Now cut your half into 3 equal pieces."
iw9msy.wav,"Carry the cuts down the pan."
1r6ci34.wav,"You eat 1 of the 3 pieces in your half."
5omyac.wav,"Now look at the whole pan. How many pieces like yours fill it?"
19sciv9.wav,"2 rows of 3. That's 6 pieces, and you ate 1."
15cz11w.wav,"So one third of one half is one sixth. one third times one half equals one sixth."
1467yoe.wav,"Multiplying does not always make a number bigger."
19thp1l.wav,"A piece of a piece is smaller. one sixth is less than the one half you had."
1szqf8f.wav,"With whole-number sides, you count square meters."
1l9u9sq.wav,"But this rug is smaller than 1 square meter."
14ub10x.wav,"So what can you count? Not even one whole square."
1bzdnda.wav,"Cut 1 square meter to match the sides, then count the pieces the rug covers out of all the pieces."
rij0nw.wav,"Start with a square, 1 meter on each side."
1qhk9a9.wav,"The rug is one half meter wide, so cut 2 equal rows."
1pdrqh7.wav,"It's three fourths meter long, so cut 4 equal columns. How many pieces now? 8."
1ncsb3l.wav,"Now lay the rug on the square."
fcj017.wav,"one half meter wide covers 1 row. three fourths meter long covers 3 columns."
10saj7s.wav,"So the rug covers 3 pieces."
1uevn8p.wav,"Count them. 3 pieces out of 8."
1hs9e86.wav,"So the rug covers three eighths of a square meter."
1xicz9u.wav,"Look. one half times three fourths equals three eighths, side times side."
10du4nm.wav,"Don't add the sides. That only measures the edges."
7zzkno.wav,"The floor it covers is one half times three fourths, and that is three eighths."
34fq0u.wav,"Up to now, times made numbers bigger."
16tvhhz.wav,"3 times 8 equals 24. But look at the 3. It's more than 1."
1xo8tv4.wav,"three fourths is less than 1. So what happens?"
ku8ltz.wav,"Multiply by less than 1 and you get part of the amount, multiply by more than 1 and you get more than all of it."
1hbpiih.wav,"Start with 1 times 8. That's one whole recipe."
1tafay8.wav,"It uses the same 8 cups. Nothing changes."
16jc0zc.wav,"Now three fourths times 8. Is three fourths more than 1? No, less."
1a5o2tg.wav,"So cut the 8 cups into 4 equal parts, and take 3."
1d7ddan.wav,"That's 6 cups, less than 8."
6ip3ik.wav,"Now 1 and one half times 8. That's more than 1 whole."
dgblff.wav,"So you get all 8 cups, and half of 8 again."
1e6fssn.wav,"8 plus 4 equals 12 cups, more than you started with."
15zlyeu.wav,"Don't think times always makes it bigger."
jk9q8m.wav,"Look at what you multiply by first. three fourths is less than 1, so three fourths times 8 comes out smaller."
u67m7k.wav,"Usually, dividing means sharing."
44uqtj.wav,"But can you share 2 yards among one fourth of a friend? No."
jkbdbx.wav,"So dividing by one fourth must ask something else."
1x9m4gd.wav,"Dividing by a small piece asks how many of those pieces fit."
nlxbcs.wav,"Each bow takes one fourth of a yard."
dfwybb.wav,"So cut every yard into 4 equal pieces, one piece for each bow."
3d9mou.wav,"Now count the pieces with me."
1g6izwi.wav,"The first yard gives 4. The second yard gives 4 more."
11k5mjr.wav,"Four, eight. That's 8 pieces, so 8 bows."
1pjh6dv.wav,"So 8 fourths fit in 2 yards."
dq8fzn.wav,"That's what 2 divided by one fourth asks. 2 divided by one fourth equals 8."
1j9xu1u.wav,"Each yard holds 4, so 2 yards hold 2 times 4 equals 8."
1skbqkx.wav,"Don't answer one half. That's 2 divided by 4, not 2 divided by one fourth."
5rnal7.wav,"Small pieces fit many times, so the answer is bigger than 2."
9q8djc.wav,"Each friend gets 1 of 3 pieces of the half."
1msxrwi.wav,"But is that one third of the pie? No."
m4o5cc.wav,"The question asks about the whole pie, not the half."
g7bdne.wav,"To share a piece, cut it up, then see how big one share is in the whole."
139cr43.wav,"Draw the whole pie first."
1qv071z.wav,"It's 2 halves. The shaded half is what's left."
1lyu9f1.wav,"Now cut that half into 3 equal pieces, one for each friend."
c0wk5.wav,"Here's the move that matters. Give the other half the same cuts."
1n7nybs.wav,"Now the whole pie has 6 equal pieces."
1rvewyf.wav,"Each friend gets 1 of those 6 pieces."
jqxtif.wav,"That's one sixth of the whole pie."
1mdan4m.wav,"So one half divided by 3 equals one sixth."
1vv6o61.wav,"Sharing does not make a piece bigger. one half divided by 3 is not three halves."
pz7zz.wav,"Each share is smaller than the half. It's one sixth."
eepaiw.wav,"Two stories can use the same 4 miles."
1oczkj3.wav,"One takes part of it. One counts pieces along it."
1sxzyq0.wav,"So times or divide? The words tell you."
18qfmvr.wav,"Draw the story, then ask, are you taking part of an amount, or counting how many pieces fit?"
1dopdi0.wav,"Our story says three fourths of the trail. That's part of it, so multiply."
1cblypk.wav,"Cut 4 miles into 4 equal parts, and take 3."
hs6vay.wav,"three fourths times 4 equals 3 miles."
1md1t4d.wav,"Now a new story, a water stop every one half mile."
1phtj4m.wav,"How many halves fit in 4 miles? Each mile holds 2, so 8."
42cql2.wav,"That's 4 divided by one half equals 8 water stops."
1ediji1.wav,"Check the size."
fgmmkx.wav,"Part of 4 miles must be less than 4, and 3 is."
1xwl878.wav,"Counting half miles gives more than 4, and 8 is."
1fjdgo3.wav,"Don't pick times or divide from the numbers."
1mi5wzl.wav,"A stop every one half mile is not one half times 4. It's 4 divided by one half equals 8."
1pgkbdd.wav,"You know tenths and hundredths."
1o47h7y.wav,"But one hundredth of a gram is too heavy for this seed."
1rt47t4.wav,"So where do 47 thousandths go? We need a smaller place."
i7ia4r.wav,"The third place after the point is thousandths, so 47 thousandths is zero point zero four seven."
vrj63c.wav,"Look. Cut one hundredth into 10 equal pieces."
6sr312.wav,"Each piece is one thousandth, and we write it zero point zero zero one."
1jis16n.wav,"It takes 1,000 of them to make 1 whole."
he72a7.wav,"Now build 47 thousandths."
1pelumt.wav,"What is it made of? 4 hundredths and 7 thousandths."
k94s05.wav,"So the 4 goes in the hundredths, and the 7 in the thousandths."
183wlnb.wav,"There are no ones or tenths, so each gets a zero."
18e69gh.wav,"Now read it across. The seed weighs zero point zero four seven grams."
7z5a4.wav,"Don't write zero point four seven. That's 47 hundredths, ten times as heavy."
d7p0f7.wav,"Thousandths need three places after the point."
12yy8zy.wav,"Look at zero point three eight nine. It has more digits, and 389 is more than 4."
14mx7s1.wav,"So is zero point three eight nine bigger? Not so fast."
1uis7ez.wav,"The digits after the point are not whole numbers."
1e80es6.wav,"Line up the places, compare from the left, and the first place that is different decides."
1bjgjuv.wav,"Put both numbers in the chart, one place under the other."
1sjer6u.wav,"Zero point four has no hundredths or thousandths, so fill those with zeros."
1x4z757.wav,"Now zero point four reads zero point four zero zero, the same amount."
1l3lhqa.wav,"Start at the left. The ones match, 0 and 0."
1gqz968.wav,"Next, the tenths. 4 and 3. Are they the same? No."
k8pydq.wav,"So the tenths decide."
qhulgg.wav,"4 tenths is more than 3 tenths."
7l55g6.wav,"So zero point four is bigger. We write zero point four is greater than zero point three eight nine."
1gof9t8.wav,"The first snail wins."
14pm2js.wav,"Don't pick a number because it has more digits."
qvqwmb.wav,"Line up the places and compare from the left."
16t943q.wav,"The tag has room for one place after the point."
jxz1hu.wav,"But three point two seven has two places."
mh5why.wav,"So which should it say, three point two or three point three?"
1mk5o2j.wav,"Find the two numbers it sits between and pick the closer one, and if it is halfway or past, round up."
pgsyjd.wav,"Look. Three point two seven sits between three point two and three point three."
z35t4n.wav,"Halfway between them is three point two five."
1h44vlp.wav,"So where did three point two seven land? Past halfway."
lnttnd.wav,"Up to three point three is only 3 hundredths."
7b7cka.wav,"Back down to three point two is 7 hundredths."
1on86so.wav,"Three point three is closer, so three point two seven rounds up to three point three."
8w8q5u.wav,"The tag says three point three meters."
1ou9ssw.wav,"Don't just chop off the last digit. That gives three point two."
cybb5j.wav,"But three point two seven is closer to three point three."
1hg5phs.wav,"What if you line up the last digits?"
8yvacy.wav,"Then the 7 tenths sits under the 5 hundredths."
8w4t8q.wav,"Two different places get added, and the answer is way off."
1rc14mx.wav,"Line up the points, add like whole numbers, and bring the point straight down."
2p40a1.wav,"Put the points one right under the other."
ulu3bb.wav,"Three point seven has no hundredths, so write it as three point seven zero."
1aq189v.wav,"Now both numbers have the same places."
ua0xri.wav,"Add from the right. Hundredths, 5 plus 0 equals 5."
1b60m97.wav,"Tenths, 4 plus 7 equals 11. Write 1, carry 1 to the ones."
1iw1ow1.wav,"Ones, 1 plus 2 plus 3 equals 6. Tens, just the 1."
1cp3zf1.wav,"Last, the point. It drops straight down."
1uiihuv.wav,"So the two bags weigh sixteen point one five pounds."
vgv7dn.wav,"Don't line up the last digits. That gives twelve point eight two."
163ex3b.wav,"Line up the points, and it's sixteen point one five."
efhuw0.wav,"Line them up. Look at the hundredths."
6w2wwr.wav,"One point three five has 5 hundredths. But five point two has nothing there."
166h71d.wav,"What do you take the 5 away from?"
17hi1bs.wav,"Line up the points, fill any empty place with a zero, and take away like whole numbers."
1nvsxxt.wav,"Look. Five point two is the same as five point two zero."
2qsmnj.wav,"So write a zero in the empty place."
wrkvrd.wav,"Now every place has a digit."
kb0z2u.wav,"Hundredths first. 0 minus 5 won't go, so trade 1 tenth."
15rx97x.wav,"10 minus 5 equals 5."
19mry6j.wav,"Tenths. 1 minus 3 won't go, so trade 1 one."
11oyhjb.wav,"11 minus 3 equals 8."
7ewfxr.wav,"Then the ones. 4 minus 1 equals 3."
1pqrjwn.wav,"The point comes straight down. So three point eight five liters are left."
5vvs84.wav,"Don't just bring the 5 down when the top is empty."
1pijqmj.wav,"That gives three point nine five. Write a zero up top and trade. It's three point eight five."
jvydg0.wav,"You could add one and twenty-five hundredths three times."
dk70ak.wav,"That works for 3 smoothies. But what about 9 of them?"
1tdmfrb.wav,"Break the number into wholes, tenths and hundredths, multiply each part, then add the parts."
xf8rjz.wav,"Look at one and twenty-five hundredths."
1jujsix.wav,"It is 1 whole, 2 tenths and 5 hundredths."
zfcjh2.wav,"So one and twenty-five hundredths equals 1, plus two tenths, plus five hundredths."
1sttie5.wav,"Now multiply each part by 3."
16g7vuf.wav,"3 times 1 equals 3. 3 times 2 tenths is 6 tenths, which is zero point six."
12iw13o.wav,"And 3 times 5 hundredths is 15 hundredths, which is zero point one five."
wty24v.wav,"Line up the points and add. 3, plus six tenths, plus fifteen hundredths, equals three and seventy-five hundredths."
17e7qnx.wav,"So 3 smoothies cost 3 dollars and 75 cents."
16d5ji9.wav,"Don't drop the point. 3 times one and twenty-five hundredths is not 375."
1q8qufj.wav,"One smoothie is about 1 dollar, so 3 cost about 3 dollars. The answer is 3 dollars and 75 cents."
stl0c4.wav,"With whole numbers, times 100 adds two zeros."
1f34s5t.wav,"Does that work here? Two point three six becomes two point three six zero zero."
1ehf6z5.wav,"But two point three six zero zero is still two point three six. Nothing changed."
24inlw.wav,"The point stays put while each zero in 10, 100 or 1,000 slides every digit one place, left to multiply and right to divide."
1nlflj5.wav,"Each place is worth 10 times the place to its right."
1y3badw.wav,"So two point three six times 10 slides every digit one place left."
10l2vww.wav,"The 2 is in the tens now. That's twenty-three point six."
w4oobs.wav,"What about times 100? That's times 10 twice."
wvbpg0.wav,"So every digit slides two places left."
1p811f5.wav,"Now the 2 is in the hundreds. That's 236."
16n15c1.wav,"So the store has 236 kilograms."
w7zgph.wav,"Now go back. 236 divided by 100 slides every digit two places right."
ddf3w8.wav,"The 2 lands back in the ones."
1iz7a4f.wav,"That's two point three six again, one bag."
1jbplm9.wav,"Don't just add zeros. Two point three six zero zero is still two point three six."
1786vp.wav,"Slide every digit. Two point three six times 100 equals 236."
1msrusd.wav,"Try the 7 whole meters first. 3 pieces of 2 meters is 6, with 1 meter left over."
y5349n.wav,"And the two tenths is still there. What do we do with the rest?"
w0b1dq.wav,"Count the whole amount in tenths, share the tenths equally, then put the point back."
q3js24.wav,"Every meter is 10 tenths. So 7 meters is 70 tenths."
1w9hwa2.wav,"Add the 2 tenths, and the ribbon is 72 tenths."
nzjrp5.wav,"Now 72 shares into 3 just fine. 72 divided by 3 equals 24."
1tl8nat.wav,"So each piece gets 24 tenths."
1pktez7.wav,"Is 24 the answer? Not yet. 24 tenths is 2 wholes and 4 tenths."
1iovmof.wav,"That's two and four tenths. So each piece is two and four tenths meters long."
14p3s9x.wav,"Don't stop at 24. That's how many tenths, not meters."
1x7ivwj.wav,"Put the point back in. Seven and two tenths divided by 3 equals two and four tenths."
o1tslv.wav,"A kilometer is much longer than a meter. It's 1,000 meters."
1yq54bl.wav,"So is the trail more meters, or fewer? More."
18kwk5u.wav,"To a smaller unit multiply, because it takes more of them, and to a bigger unit divide."
zrr9te.wav,"Kilometers to meters. Meters are the smaller unit."
ejihth.wav,"1 kilometer is 1,000 meters, so multiply by 1,000."
1km6iaz.wav,"Times 1,000 slides every digit three places left."
130rgy1.wav,"The 2 lands in the thousands, the 5 in the hundreds. Zeros fill the rest."
1yuopa8.wav,"So two point five times 1,000 equals 2,500. The trail is 2,500 meters long."
13ufhsq.wav,"Does 2,500 make sense? Yes. Meters are small, so we need lots."
vp9cx6.wav,"And back to kilometers? Divide. 2,500 divided by 1,000 equals two point five."
1t61vdh.wav,"Don't divide here. That gives zero point zero zero two five meters, a tiny speck."
1appoh5.wav,"Smaller unit, more of them. So multiply."
1w430fj.wav,"Tiles cover a flat floor."
7gv0qt.wav,"But this box goes up, too. Can flat tiles fill it?"
6n88qx.wav,"No. The space above them stays empty."
1jh46d0.wav,"To find how much space is inside a box, count the small cubes that fill it, with no gaps."
otxk80.wav,"Look at one little cube."
1ji6ckw.wav,"It's 1 unit long, 1 unit wide and 1 unit tall."
1hzg4sm.wav,"They're all the same, so they fit with no gaps."
1mgk0q2.wav,"Let's count. The bottom layer is 2 rows of 3. That's 6."
vsuszo.wav,"The top layer is the same, 6 more."
eivee.wav,"6 plus 6 equals 12."
12w2dbv.wav,"So 12 cubes fill the box."
1scy95e.wav,"That number is how much space is inside."
1bdkncl.wav,"Don't count only the cubes you see."
qk3oh7.wav,"You see 10. 2 more hide in back, under the top layer. That makes 12."
tbd30u.wav,"Could you count them one by one?"
o5uqlk.wav,"You could. But some hide at the back, and a whole layer hides underneath."
n9du2v.wav,"You'd lose your place. Is there a faster way? Yes."
15napus.wav,"Count the cubes in one layer, then multiply by how many layers."
pnmpau.wav,"Start with the bottom layer."
f7jszn.wav,"It's 4 cubes long and 3 cubes wide."
qqmytl.wav,"So 4 times 3 equals 12 cubes."
1dkktl7.wav,"Now put the next layer on top."
17hxi9l.wav,"It's just like the bottom one. Another 12 cubes."
k4dgy4.wav,"So that's 2 layers of 12."
15bcmz0.wav,"12 times 2 equals 24. The box holds 24 cubes."
krklbq.wav,"Don't stop after one layer."
ij987i.wav,"12 is only the bottom of the box. Multiply by the 2 layers to get 24."
10b3e7f.wav,"This time there are no cubes to count."
titq4l.wav,"But you know every edge, 5 feet, 2 feet and 3 feet."
1xb1kll.wav,"Can the edges tell you how much fits? Yes."
ogauu2.wav,"Multiply the length, the width and the height to find the volume of a box."
cndwx2.wav,"Start with the bottom. It's 5 feet by 2 feet."
8ty0l7.wav,"Cubes 1 foot on each side cover it, 5 times 2 equals 10."
1f6xhev.wav,"That's one layer."
2yulm8.wav,"The tank is 3 feet tall, so 3 layers stack up."
tdh4od.wav,"Ten, twenty, thirty."
7hcg8w.wav,"So multiply all three."
3h2h2t.wav,"5 times 2 times 3 equals 30. The tank holds 30 cubic feet of water."
1tx6gh3.wav,"Don't add the edges."
19cl3sd.wav,"5 plus 2 plus 3 equals 10 only walks along three edges. Multiply to fill the inside."
ms04e5.wav,"Can you multiply one length, one width and one height here?"
lyudtp.wav,"No. The chest is two boxes of different sizes."
1cekwdu.wav,"When two boxes are joined, find the volume of each box, then add them."
1nr4ld.wav,"Start with the big box."
1plbe08.wav,"It's 4 feet long, 2 feet wide and 3 feet tall."
1668iij.wav,"4 times 2 times 3 equals 24 cubic feet."
5weema.wav,"Now the small box on top."
12ry068.wav,"It's 2 feet long, 2 feet wide and 1 foot tall."
1vfs6t3.wav,"2 times 2 times 1 equals 4 cubic feet."
1qg2hwr.wav,"Put them back together."
11z1lfx.wav,"24 plus 4 equals 28. The chest holds 28 cubic feet."
pbddw1.wav,"Don't use the tallest height for the whole chest."
1xaox4e.wav,"4 times 2 times 4 equals 32 counts empty space beside the small box. Find each box, then add."
xtendc.wav,"Try 1-foot square tiles."
1hxa51p.wav,"Two fit along the top. Then half a foot is left."
1tixb2o.wav,"What goes in that gap?"
1f1pnrb.wav,"Cut each foot into halves, count the small tiles, and every 4 small tiles make 1 square foot."
jvjyei.wav,"So cut every foot in half."
1ddk1e6.wav,"Now the top is 5 halves, and the side is 3 halves."
3jqvd7.wav,"That's 3 rows of 5 small tiles, with no gap."
1xm339f.wav,"How big is one small tile?"
4w7jyx.wav,"It's one half foot on each side."
jv34br.wav,"4 of them make 1 square foot, so one is one fourth of a square foot."
v5vxbs.wav,"Count them."
1lbq2f3.wav,"3 rows of 5 is 15 small tiles."
13xh1ep.wav,"Every 4 make 1 square foot, so that's fifteen fourths, or 3 and three fourths square feet."
1emf5k2.wav,"It's the same as five halves times three halves."
1836fqx.wav,"15 small tiles are not 15 square feet."
8dc0ze.wav,"Each tile is only one fourth of one. So the rug is 3 and three fourths square feet."
1q0ptht.wav,"Look at the square tile."
rdo5za.wav,"It has 4 square corners, like a rectangle."
1g39g0c.wav,"And 4 equal sides, like a rhombus."
1tq8j9s.wav,"So which bin? Can it be both?"
19jq9mm.wav,"If a shape follows a family’s rule, it belongs to that family, so one shape can have more than one name."
lfqyo1.wav,"Start with the biggest family."
4atgj9.wav,"Every tile here has 2 pairs of sides that run side by side."
1l2zgi4.wav,"So all 4 are parallelograms."
1u7piwq.wav,"Add one more rule, and the family gets smaller."
1q2sr8y.wav,"4 square corners make a rectangle."
lttomi.wav,"4 equal sides make a rhombus."
zosxa8.wav,"Which tile got both?"
1j0hjuv.wav,"The square."
1oxxiyt.wav,"It has square corners and equal sides, both at once."
uryu8.wav,"So it's a rectangle, a rhombus and a parallelogram."
1pay01j.wav,"One tile, 4 names."
lw1qc.wav,"Don't flip the families around."
1msny5u.wav,"Every square is a rectangle, but a rectangle is not always a square."
115w1cf.wav,"It needs 4 equal sides too."
1wgfa7d.wav,"You know square units."
1jlrfmu.wav,"They're flat, like stickers, great for a floor."
1s5y7mr.wav,"But a box goes up too."
z5s9wc.wav,"Can flat stickers fill it? No."
jyd84v.wav,"Space inside is measured with cubes, so its unit is a cube, a cubic inch, a cubic foot, a cubic meter."
86e162.wav,"Cubes come in sizes."
1qxytea.wav,"A cubic centimeter is about as big as your fingertip."
a1p0r2.wav,"A cubic meter is so big you could sit inside it."
1s11eyd.wav,"Say each cube here is 1 cubic centimeter."
1awqrkh.wav,"One layer is 3 times 2 equals 6."
1nsmecd.wav,"There are 2 layers, so that's 12."
1hafokt.wav,"The box is 12 cubic centimeters, not just 12."
11wjrpz.wav,"Which cube should you pick?"
p5bw7d.wav,"A small thing takes a small cube, so a lunch box gets cubic inches."
hgap4a.wav,"A big truck gets cubic feet."
1tjmngs.wav,"Don't measure space in square units."
1at9o4d.wav,"Squares only cover a floor."
4t053n.wav,"It takes cubes to fill a box, so it's 12 cubic centimeters."
5rutyf.wav,"Could you just point and say, up near the middle?"
12gb5f5.wav,"No. That could be lots of spots."
1typ2ks.wav,"You need two numbers, read in the right order."
p3t5f5.wav,"Go across first, then up, so 3 across and 5 up is the point 3, 5."
1x8vgb9.wav,"Start at 0, down in the corner."
82svpn.wav,"Walk along the bottom until you're right under point A."
12selck.wav,"One, two, three. That's 3 across."
1i9yz14.wav,"Now go straight up from there."
lk87nw.wav,"Count with me. One, two, three, four, five."
73ene8.wav,"You land on point A. That's 5 up."
b27d0d.wav,"Two moves, two numbers."
1evrd9n.wav,"The number across goes first. The number up goes second."
1601mgk.wav,"So point A is at 3, 5."
14m7871.wav,"Don't write the number up first."
1ttivy0.wav,"That's 5 across and 3 up, a different spot. Across goes first."
1y3zqsz.wav,"Look at all the spots on this grid."
1bxn8r8.wav,"Which one is 4, 2?"
1en2p5o.wav,"The two numbers tell you, but only if you make the moves in the right order."
gwyi4u.wav,"To find the point 4, 2, start at 0, go 4 across, then 2 up, and put the dot there."
17l3fvk.wav,"Put your finger on 0, right in the corner."
6scx2n.wav,"The first number is 4, so slide along the bottom."
8rv92j.wav,"One, two, three, four. Stop."
1d9cg7f.wav,"The second number is 2. So go straight up from where you stopped."
18x0wih.wav,"One, two. Stop again."
1ryat0x.wav,"Now put your dot right where you stopped."
uuplsb.wav,"That spot is 4, 2, and there's only one on the whole grid."
1g9c2f4.wav,"The flag goes there."
1cfv1st.wav,"Don't go up 4 first. That lands on 2, 4, a different spot."
mz3kvn.wav,"The first number always goes across."
68yjoa.wav,"Is Leo always 4 dollars ahead? It's a fair guess, but no."
1dwmqi4.wav,"He pulls further ahead every week."
1a7cmxn.wav,"Follow each rule one step at a time, then line the two patterns up and compare the numbers in each column."
1a421ya.wav,"Mia first."
14sj15h.wav,"She starts at 0 and adds 2 every week."
aegwob.wav,"So, 2, 4, 6, 8."
exlfsk.wav,"Now Leo. Same start, but he adds 6 every week."
10ht2op.wav,"So he has 6, 12, 18, then 24."
15wnhtp.wav,"Now look straight down each column."
y4dmr4.wav,"2 and 6. 4 and 12. 6 and 18."
ryy3mb.wav,"Each of Leo's numbers is 3 times Mia's."
oqedse.wav,"Don't say Leo always has 4 more."
xtb4x2.wav,"6 minus 2 is 4, but 12 minus 4 is 8. What stays the same is 3 times as much."
1qby1g2.wav,"Pattern A is 0, 1, 2, 3. Pattern B is 0, 2, 4, 6."
ous62m.wav,"But a grid does not take lists. Where would a dot go?"
120c0df.wav,"Every dot needs two numbers, one across and one up."
sxhljx.wav,"Each column gives one pair, the top number goes across, and the bottom number goes up."
1oddvh4.wav,"Read straight down each column."
uxaqj7.wav,"0 and 0. 1 and 2. 2 and 4. 3 and 6."
q5g6er.wav,"4 columns, so 4 pairs."
vxw1w.wav,"Now take the pairs to the grid."
esznug.wav,"Take 1 comma 2. Go 1 across, then 2 up, and put a dot."
1g7bimd.wav,"Do the same for 0 comma 0, 2 comma 4, and 3 comma 6."
8d2rpv.wav,"Look at the four dots. What do you notice?"
1femmxh.wav,"They sit on one straight line, climbing to the right."
jzd9hs.wav,"Every 1 step across, they go 2 steps up."
1vvvk0b.wav,"Don't write the bottom number first."
sujzy4.wav,"1 and 2 make 1 comma 2, not 2 comma 1. Those are two different dots."
eeb5bi.wav,"You could count every step from the bench to the tree."
65ijv5.wav,"That works, but on a big grid it takes ages, and it's easy to lose count."
nagqm1.wav,"When two points share a number, they sit on one straight line, so subtract the other two numbers."
a1derk.wav,"Point A is at 2 comma 3, and point B is at 7 comma 3."
qkbuye.wav,"Look at the second numbers. Both are 3."
natzix.wav,"So the two points sit on one straight line, going across."
1ta5lmm.wav,"Which numbers are different? The first ones, 2 and 7."
1beuylb.wav,"Take the smaller from the bigger. 7 minus 2 equals 5."
ztwmrb.wav,"So they are 5 units apart."
e02me1.wav,"Let's check by counting, just this once."
1ikte78.wav,"One, two, three, four, five steps along the line."
az6s88.wav,"Yes, 5 units apart."
1n0dgpg.wav,"Don't subtract the numbers that match."
9lkapu.wav,"3 minus 3 is 0, but the points are not 0 apart. Subtract the numbers that are different."
1fx5nwv.wav,"You could trace the street with your finger and count the blocks."
1g0wz02.wav,"But on a busy map, it's easy to skip a block, or count one twice."
1tay5he.wav,"Is there a surer way? Yes."
185sdwu.wav,"Every place on the map has a pair, across then up, and along one straight street you subtract to count the blocks."
voagqw.wav,"Go across first, then up, like always."
wd04xl.wav,"The school is at 2 comma 3."
efzqwo.wav,"The park is at 2 comma 8, straight above it."
2xxrfh.wav,"Both are 2 across, so one straight street joins them."
4znj2y.wav,"Subtract the numbers going up. 8 minus 3 equals 5."
15w8tyn.wav,"So the park is 5 blocks away."
1xv36ac.wav,"Now turn it around. What is at 6 comma 1?"
dm16or.wav,"Go 6 across, then 1 up."
kaxze4.wav,"It's the library."
19ptmv9.wav,"Don't count the corners you pass."
b5rhkk.wav,"From 3 up to 8 up, count the blocks between them. That's 5, not 6."
6im4x8.wav,"A friend says the beads are 3 and 2."
wpoq8m.wav,"Which number is red? You can't tell."
orfvs2.wav,"And does a number count one color, or all the beads?"
7vzx4l.wav,"Compare a part to a part, like 3 red to 2 blue, or a part to the whole, like 3 red out of 5 beads."
1uofub5.wav,"Look. Red beads on top, blue beads underneath."
1kbwaq7.wav,"For every 3 red, there are 2 blue."
5x0xjp.wav,"We say 3 to 2. We write it with two dots, 3 to 2."
77qqru.wav,"Now put both colors in one line."
u91nfe.wav,"How many beads are in one set? 3 plus 2 is 5."
p6okfz.wav,"So 3 out of every 5 beads are red."
kwvk0g.wav,"Wait. The order of the words sets the order of the numbers."
460ofu.wav,"Red to blue is 3 to 2."
1dxc2w0.wav,"Blue to red is 2 to 3."
1tufxv9.wav,"When the question asks about all the beads, the answer is not 3 to 2."
17g5jxf.wav,"Count both colors. Red is 3 out of 5."
193yve0.wav,"What if you just add 1 to each?"
1dt0mgc.wav,"That's 4 cups of flour and 3 eggs."
11y93vt.wav,"Same recipe? No. There's less flour for each egg now."
1heo1ym.wav,"Multiply both numbers by the same number, and the mix stays the same, just bigger."
wk6w6e.wav,"Two batches means everything twice."
1lk5wvx.wav,"Double the flour, 3 times 2 equals 6 cups."
ctfxrb.wav,"Double the eggs too, 2 times 2 equals 4."
1s1nf0p.wav,"What about 3 batches? Multiply both by 3."
901eqq.wav,"Flour, 3 times 3 equals 9 cups. Eggs, 2 times 3 equals 6."
17fkjj3.wav,"Every column here is the same recipe."
1qh6lcs.wav,"It works backwards too."
16c555y.wav,"Divide both by the same number."
4i3m45.wav,"6 cups and 4 eggs, both divided by 2, are 3 cups and 2 eggs again."
8kla82.wav,"Don't add the same number to both. Adding 2 gives 5 cups and 4 eggs, a different recipe."
1drn2im.wav,"Multiply instead. Times 2 gives 6 cups and 4 eggs, the same recipe."
crluz7.wav,"Look at the tag. 5 dollars buys the whole pack."
ejyogh.wav,"So what does one notebook cost? Not 5 dollars. That pays for all 4."
m7q77d.wav,"We have to share the 5 dollars out."
as2hq3.wav,"To find how much for one, divide the total by how many there are."
1e65sc2.wav,"Draw the 5 dollars as one long bar."
1hco2kg.wav,"4 notebooks share it, so cut it into 4 equal parts."
1hg1evl.wav,"One part for each notebook."
1jpvkmp.wav,"Now divide 5 dollars by 4. Each part gets 1 dollar, and 1 dollar is left over."
13vkbo7.wav,"Split that last dollar into 4 quarters, 25 cents each."
2r1gsl.wav,"So each part is 1 dollar and 25 cents. That's one notebook."
1ada52l.wav,"Does that match the tag? Check it."
hv5gfj.wav,"4 times 1 dollar and 25 cents equals 5 dollars. Yes."
t3y21i.wav,"So one notebook costs 1 dollar and 25 cents."
5v9as0.wav,"Don't divide the other way around. 4 divided by 5 would make a notebook 80 cents, and that's too cheap."
1sxa5h9.wav,"Put the dollars first. 5 dollars divided by 4 equals 1 dollar and 25 cents."
1vhbajy.wav,"3 bags cost 12 dollars. You want 5, just 2 more."
1kx8ybs.wav,"So is it 12 dollars plus 2 dollars? No. One bag costs a lot more than 1 dollar."
1jsux1k.wav,"First we need the price of one bag."
1us68a0.wav,"Find how much for one first, then multiply by how many you want."
cdxyfk.wav,"Split the 12 dollars into 3 equal parts, one for each bag."
17f8b6x.wav,"12 dollars divided by 3 equals 4 dollars."
1jqzy8l.wav,"So one bag costs 4 dollars."
1ifjg4o.wav,"Now line up the 5 bags you want."
9ftjcw.wav,"What does each one cost? The same 4 dollars."
1noc4j4.wav,"The price didn't change. You just need more bags."
l6fuex.wav,"Last step, multiply."
1r54ca8.wav,"5 bags at 4 dollars each is 5 times 4 dollars equals 20 dollars."
aq2w7d.wav,"So movie night costs 20 dollars."
klxgjf.wav,"Don't multiply 12 dollars by 5. That gives 60 dollars, way too much."
p06fwv.wav,"12 dollars is the price of 3 bags, not one. Find one bag first, then 5 times 4 dollars equals 20 dollars."
fyuc7o.wav,"You have 15 cups of nuts. How much cereal goes with them?"
q2ho53.wav,"Going from 3 and 5 straight to 15 is a big jump. So take small steps, in a table."
1ge1wjt.wav,"Every column is the same mix, so you can multiply, divide or add whole columns to make a new one."
enhd10.wav,"Start with 3 cups of nuts and 5 cups of cereal."
1gfzzbf.wav,"Double both. 3 times 2 equals 6, and 5 times 2 equals 10."
a4174c.wav,"Same mix, just twice as much."
p8lyt6.wav,"Can you add two columns together? Yes."
1gkz0mw.wav,"3 plus 6 equals 9 cups of nuts, and 5 plus 10 equals 15 cups of cereal."
j2l9ss.wav,"Still the same mix."
mxfo2a.wav,"Now look. 6 plus 9 equals 15 cups of nuts, just what you have."
opmm18.wav,"So add those two columns. Underneath, 10 plus 15 equals 25."
4hq7up.wav,"You need 25 cups of cereal."
2c13qk.wav,"Don't add 12 to both numbers. 5 plus 12 equals 17 makes a different mix."
w912js.wav,"3 times 5 equals 15, so multiply the cereal by 5 too. That's 25."
1xkta47.wav,"Are there just 3 girls in the class? No."
glznfg.wav,"There are 30 students in all."
r7nuvo.wav,"The 2 and the 3 only say that for every 2 boys, there are 3 girls."
18prdom.wav,"Add the parts to find how many equal boxes make the whole, then find what one box holds."
fs42ma.wav,"Draw it as boxes. 2 for the boys, 3 for the girls."
sh6z92.wav,"Every box holds the same number of students."
1owgark.wav,"How many boxes in all? 2 plus 3 equals 5."
1e0r89n.wav,"Those 5 boxes hold all 30 students."
dxeaye.wav,"So 30 divided by 5 equals 6 in each box."
16ektqi.wav,"The girls have 3 boxes, and each box holds 6."
1y2zukb.wav,"3 times 6 equals 18. So there are 18 girls."
1g6nowf.wav,"Check it. The boys have 2 times 6 equals 12, and 12 plus 18 equals 30."
7w9i1r.wav,"Don't divide 30 by just the 3. That leaves out the boys."
12pu7qo.wav,"Use all 5 boxes. 30 divided by 5 equals 6, and 3 times 6 equals 18."
16sh5vs.wav,"Is 4 feet the same as 4 inches? No."
sn8jv6.wav,"A foot is much longer than an inch."
9yfq0r.wav,"So first you need one fact. How many inches fit in 1 foot?"
fw6s49.wav,"Start from one fact, 1 foot is 12 inches, then multiply to change to the smaller unit and divide to change back."
1qz0r41.wav,"1 foot is 12 inches."
px6yas.wav,"So 2 feet is 24 inches, and 3 feet is 36 inches."
1ncwyas.wav,"Each extra foot adds 12 more."
qemh28.wav,"Do you have to step up one foot at a time? No."
hqtco8.wav,"4 feet is 4 times 12 equals 48 inches."
43va7w.wav,"So the shelf is 48 inches long."
17h25jn.wav,"What about going back, from inches to feet?"
mfocit.wav,"Feet are bigger, so you divide by 12."
qwy758.wav,"36 divided by 12 equals 3. So 36 inches is 3 feet."
exrslk.wav,"Going to the smaller unit, don't divide."
17vc2vg.wav,"Smaller units mean more of them, so multiply. 4 times 12 equals 48 inches."
1pmwjwc.wav,"36 miles is how far you rode in all, over 3 hours."
7gidub.wav,"So how far did you ride in one hour? The total can't say."
1pn8vrr.wav,"A faster rider could do the same 36 miles in 2 hours."
1hjzp1n.wav,"How fast you go is how far you go in one hour, so divide the distance by the hours."
1j1xb5e.wav,"Cut the ride up by the hours."
1xfxdpj.wav,"3 hours means 3 equal jumps, one for each hour."
9nztbv.wav,"So how long is one jump? 36 divided by 3 equals 12."
19tex3o.wav,"Each jump is 12 miles. So you ride 12 miles in one hour."
135auhg.wav,"12 miles in each hour is 12 miles per hour."
1jxtjjz.wav,"Check it. 3 times 12 equals 36 miles, the whole ride."
628vk.wav,"Don't divide the hours by the miles."
1f1q4r.wav,"The miles go first. 36 divided by 3, not 3 divided by 36."
4wep36.wav,"Dividing usually means sharing. But you can't share lasagna with one eighth of a person."
v7915z.wav,"So what does three fourths divided by one eighth ask? How many one eighth servings fit in three fourths."
bsoq3r.wav,"Dividing by a fraction asks how many of that fraction fit, so cut both into same-size pieces and count."
476pi.wav,"Fourths and eighths are different sizes."
12kdfij.wav,"So cut each fourth in half. Now every piece is one eighth, one serving."
1cvxo92.wav,"Look, the three fourths is now six eighths."
1wlgfac.wav,"How many eighths are shaded?"
js677k.wav,"Count with me. One, two, three, four, five, six."
1l6r4nr.wav,"So three fourths divided by one eighth equals 6. You can cut 6 servings."
bop7wh.wav,"Check it. 6 eighths is six eighths, and that's three fourths."
er4iuq.wav,"Dividing does not always make a number smaller."
ueg1ab.wav,"Small pieces fit many times, so the answer is bigger than three fourths."
881d5p.wav,"You could cut both liters into thirds and count."
47omfn.wav,"But what about five sixths divided by four ninths? Drawing that would take forever."
1kj4wp8.wav,"Dividing by a fraction is the same as multiplying by that fraction flipped upside down."
75dk94.wav,"First, the slow way. Cut each liter into thirds. That's 6 thirds."
1rwznxl.wav,"Each bottle takes 2 thirds. How many groups of 2 fit in 6? 3 bottles."
1vs3556.wav,"Look at what we did."
z634kw.wav,"Cutting into thirds was times 3."
1907o7t.wav,"Grouping by 2 was divided by 2."
10ztr4b.wav,"Times 3, then divided by 2, is the same as times three halves."
mryb0i.wav,"Here's the shortcut."
dlorny.wav,"Keep the 2. Change divide to times. Flip two thirds to three halves."
n1kogu.wav,"2 times three halves equals six halves, which is 3. Same answer."
16pp4gc.wav,"Don't flip the first number."
1ayqaad.wav,"The 2 stays. Only the two thirds turns upside down."
bwk5bi.wav,"It's tempting to do 2 times 1 equals 2 and one half times one half equals one fourth."
eirw3b.wav,"But is 2 and one fourth the whole bed? Look. Two parts are missing."
39ytdt.wav,"Change each mixed number into a fraction first, then multiply the tops and multiply the bottoms."
rfkkzo.wav,"Let's find all four parts."
40r04c.wav,"2 times 1 equals 2, and one half times 1 equals one half."
10w9hqf.wav,"2 times one half equals 1, and the corner is one fourth."
oo0r5c.wav,"Add them up. 3 and three fourths square yards."
1y6gad8.wav,"2 and one half is 5 halves, so it's five halves."
1003zpg.wav,"And 1 and one half is 3 halves, so it's three halves."
6kgpe9.wav,"Multiply straight across. Five halves times three halves equals fifteen fourths."
1u9da52.wav,"Twelve fourths makes 3 wholes, with three fourths left."
1kgfhoi.wav,"So the bed covers 3 and three fourths square yards."
qlyptp.wav,"Don't multiply the wholes and the fractions separately."
x86gms.wav,"That leaves out two parts. Change to fractions first."
1e9anr5.wav,"Our rule is flip and multiply."
thuenl.wav,"But 2 and one fourth is a whole number and a fraction stuck together."
sd369.wav,"What would we flip? We can't use the rule yet."
1ap5v1u.wav,"Change mixed numbers into fractions first, then flip the one you divide by and multiply."
nyb1up.wav,"So let's turn 2 and one fourth into one fraction. Each pound is 4 fourths."
1iknsdf.wav,"2 pounds make 8 fourths, and the extra fourth makes 9."
1yu4z7n.wav,"So 2 and one fourth is nine fourths."
1ukpcru.wav,"Now the rule works."
13suyix.wav,"Flip three fourths to four thirds and multiply. Nine fourths times four thirds equals 36 twelfths."
8lifef.wav,"And 36 twelfths is 3, because 12 twelfths make 1."
1qntzxl.wav,"Does 3 make sense? Look at the 9 fourths."
gjnebm.wav,"Each patty takes 3 of them. That's 3 patties."
1lktw0h.wav,"Don't divide the 2 and the one fourth separately."
1bajp63.wav,"2 and one fourth is one amount. Change it to nine fourths first."
1r5fqwm.wav,"Which number goes first, 3 or three fourths?"
13qlgmy.wav,"Get it backwards, and 3 whole cups make less than one serving."
shx0be.wav,"That can't be right."
1y20lyd.wav,"When a story asks how many of one size fit in an amount, divide, and the amount you start with goes first."
1llowjq.wav,"Start with what you have. Draw 3 cups as one long tape."
yfcz8i.wav,"A serving is measured in fourths, so cut each cup into 4 fourths."
16h4efu.wav,"That's 12 fourths."
111qej5.wav,"One serving is 3 fourths."
c0jmy2.wav,"Mark them off, 3 at a time, 3, 6, 9, 12."
bd49a5.wav,"That's 4 servings, nothing left over."
x45igr.wav,"Now write it down."
3ajo49.wav,"How many three fourths of a cup fit in 3 cups? That's 3 divided by three fourths."
119ck8b.wav,"Flip and multiply, 3 times four thirds equals twelve thirds equals 4 servings."
1qfa3yi.wav,"Don't put the fraction first because it's smaller."
1qwos8x.wav,"That gives one fourth of a serving from 3 whole cups. Start with the amount, 3 divided by three fourths equals 4."
1qc4yly.wav,"You could guess. 2 bags works, and so does 3."
1igt9g1.wav,"But is there a bigger number? Guessing, it's easy to stop too soon."
1gnwgka.wav,"List the factors of both numbers, and the biggest one on both lists is the biggest factor they share."
4rehl2.wav,"Start with 12. What divides it with nothing left over?"
1c5atos.wav,"Find them in pairs, 1 times 12, 2 times 6, 3 times 4."
e9ww0x.wav,"So the list is 1, 2, 3, 4, 6, 12."
hisfhs.wav,"Now 18, in pairs."
1lzqj9u.wav,"1 times 18, 2 times 9, 3 times 6."
omc9fu.wav,"The list is 1, 2, 3, 6, 9, 18."
ijohj7.wav,"Look for numbers on both lists, 1, 2, 3 and 6."
1qvenf1.wav,"The biggest is 6."
bvbq7s.wav,"So 6 bags, each with 2 pencils and 3 erasers."
1jspuq2.wav,"Don't stop at 3 just because it works."
1ofgope.wav,"Finish both lists and take the biggest, 6."
bul42h.wav,"Why not buy 6 of each?"
1sn0i99.wav,"Buns come in packs of 4, so you can't get exactly 6 buns."
1stu3y9.wav,"You need a number that both pack sizes can make."
aczrfy.wav,"Count by each number, and the first number both counts land on is the smallest multiple they share."
1sa9hmu.wav,"Start with the hot dogs."
1kaenio.wav,"Count by 6s with me. 6, 12, 18, 24."
t3ql36.wav,"Now the buns, on a line underneath."
1f3xh3u.wav,"Count by 4s. 4, 8, 12, 16, 20, 24."
177sflz.wav,"Which number do both lines hit first? 12."
1bt6zgn.wav,"So buy 12 of each. That's 2 packs of hot dogs and 3 packs of buns."
1v7c9ri.wav,"Don't just multiply 6 times 4."
1j331ih.wav,"24 works, but 12 comes first. Stop at the first number both counts share."
18v970.wav,"Can you just line up the last digits? No."
19bcsce.wav,"The 5 tenths would sit on top of the 5 thousandths."
l2o0p3.wav,"Those are different places."
11egbax.wav,"Line up the points, fill each empty place with a zero, then add or take away like whole numbers."
hoqz28.wav,"Give twelve point five three places, like three point eight seven five. Write it twelve point five zero zero."
1pxjnix.wav,"The zeros don't change how much it is."
14voruz.wav,"Start at the right. Zero minus 5 won't go."
v2oicy.wav,"So trade 1 tenth. It makes 9 hundredths and 10 thousandths."
e80jcu.wav,"10 minus 5 equals 5. 9 minus 7 equals 2."
1p5jlkt.wav,"Tenths. 4 minus 8 won't go, so trade 1 one. 14 minus 8 equals 6."
1cm3t8p.wav,"Ones. 1 minus 3 won't go, so trade the ten. 11 minus 3 equals 8."
bhkafs.wav,"The point comes straight down. So eight point six two five kilometers are left."
1p4hyfh.wav,"Don't bring the 7 and 5 down with nothing above them."
ktouw5.wav,"That gives eight point seven seven five. Fill in zeros and trade. It's eight point six two five."
hxnglf.wav,"When you add, you line up the points."
t6ca16.wav,"But when you multiply, lining them up doesn't help."
an0ajx.wav,"So where does the point go in the answer?"
1ltp057.wav,"Multiply as if there were no points, then give the answer as many places after the point as both numbers have together."
12p97yg.wav,"Cover the points. That leaves 24 times 13."
7fzzlj.wav,"24 times 3 equals 72, and 24 times 10 equals 240."
1qmxub5.wav,"Add the rows. 72 plus 240 equals 312."
h407tn.wav,"Now the point. Two point four has 1 place after the point."
1tmt8h.wav,"One point three has 1 place too."
1pn7ntp.wav,"1 plus 1 equals 2, so the answer needs 2 places."
q8fvo.wav,"Start at the right of 312 and count 2 places left. That's three point one two."
iofy6a.wav,"Is that about right? 2 times 1 equals 2 and 3 times 2 equals 6, and three point one two is in between. Yes."
1xr1o6k.wav,"So the bed is three point one two square meters."
tjc7ou.wav,"Don't copy the point from the numbers above. That gives thirty-one point two."
8tak8i.wav,"Count the places. 1 plus 1 equals 2, so it's three point one two."
1s7is7l.wav,"You know how to divide whole numbers this way."
1epq1s1.wav,"But eight point five two has a point inside it."
z2833t.wav,"Put the point in the answer straight above the point inside, then divide like whole numbers."
3wh75m.wav,"Before you divide anything, write the point on top."
zkt8lf.wav,"Put it straight above the point in eight point five two."
1f9eqqw.wav,"Do it first, and it can't get lost."
10xqesg.wav,"Start on the left. How many fours fit into 8? 2."
1rzm41f.wav,"Write the 2 on top. 2 times 4 equals 8, and 8 minus 8 equals 0."
13d2wf5.wav,"Bring down the 5."
1si5qp4.wav,"4 fits into 5 one time. 5 minus 4 equals 1."
25fbed.wav,"Bring down the 2 to make 12. 4 fits into 12 three times, with nothing left."
exsl7o.wav,"So each piece is two point one three meters long."
zqcwtf.wav,"Don't drop the point and write 213."
1au81qw.wav,"That's longer than the whole rope. The point sits straight above, so it's two point one three."
znmb35.wav,"You can divide by a whole number."
1b14z3q.wav,"But zero point four is not whole."
1834k3h.wav,"How many zero point fours fit in nine point six? That's hard to see."
cd0cqr.wav,"Multiply both numbers by 10 or 100 until the number you divide by is whole, and the answer stays the same."
m0pkl4.wav,"Why does that work? Look at 6 divided by 2 equals 3."
1gilw63.wav,"Make both 10 times bigger. 60 divided by 20 is still 3."
1oz4znq.wav,"Both grew the same, so the answer didn't move."
e4o5ht.wav,"Zero point four has 1 place after the point, so times 10 makes it 4."
1xffvth.wav,"Do the same to nine point six. It becomes 96."
t34rkt.wav,"So nine point six divided by zero point four turns into 96 divided by 4, one you can do."
18de5jo.wav,"4 fits into 9 two times, 1 left."
ht78bg.wav,"Bring down the 6 to make 16. 4 fits four times, with nothing left."
24rlph.wav,"So nine point six divided by zero point four equals 24. You get 24 pieces of ribbon."
7zl5zz.wav,"Don't grow only the zero point four. That gives two point four, far too few."
1grri88.wav,"Grow both numbers. 96 divided by 4 equals 24."
1xr3rta.wav,"Nobody knows 5,184 divided by 24 by heart."
1fcz11s.wav,"And 24 isn't in the times tables."
1jv1bbh.wav,"So how do we start? One small piece at a time."
152fuvz.wav,"Go one digit at a time, guess with a round number, then multiply, take away and bring down."
1psyfx2.wav,"24 won't fit into 5, so start with 51."
18r7vl.wav,"Here's the trick, 24 is about 20, and 51 holds two twenties. So try 2."
c0s7qm.wav,"2 times 24 equals 48, which fits."
1utd4a5.wav,"Take it away. 51 minus 48 equals 3."
atkj9x.wav,"Now bring down the 8. That makes 38."
153r6gy.wav,"24 fits into 38 one time, so 1 goes on top."
196sa9d.wav,"And 38 minus 24 equals 14."
yvop3m.wav,"Bring down the 4 to make 144."
1pcteu.wav,"Guess 7. But 7 times 24 equals 168, too big."
xy2f33.wav,"So try 6. 6 times 24 equals 144, exactly."
1v1g6l2.wav,"Nothing is left, so the farm fills 216 boxes."
41y2ss.wav,"In 4,920 divided by 24, 24 won't fit into 12. Don't skip that place."
106rtom.wav,"Write a zero on top and bring down the next digit. That makes 205, not 25."
1s9kift.wav,"The 4-pack has the lower price tag."
hy27a2.wav,"But it also has fewer boxes in it."
33ln3u.wav,"So is it really the better buy? The tag alone can't tell you."
rbulru.wav,"Find the price of one in each pack, and the lower price for one is the better buy."
wac9b6.wav,"Start with the 4-pack."
14fm4qh.wav,"3 dollars is shared by 4 boxes. How much is one?"
5da9oi.wav,"3 dollars divided by 4 equals 75 cents."
1lsrvts.wav,"So one box costs 75 cents."
odozfi.wav,"Now the 6-pack, the same way."
1v5ylyq.wav,"4 dollars and 20 cents is shared by 6 boxes."
pdn2wk.wav,"4 dollars and 20 cents divided by 6 equals 70 cents."
munxix.wav,"So one box costs 70 cents."
uc4u20.wav,"Now put the two side by side."
140k3au.wav,"70 cents is less than 75 cents."
rpn7hy.wav,"So the 6-pack is the better buy, even with the higher price tag."
1ab0t6o.wav,"Don't just grab the lower price tag. 3 dollars buys fewer boxes."
1fnwtjp.wav,"Compare the price for one. 70 cents beats 75 cents."
ca5h9h.wav,"So we painted 35 tiles."
x22fgv.wav,"On a wall of 50, that's most of it. On 1,000, it's hardly a start."
1x8x8bv.wav,"So we have to say out of how many."
1446v12.wav,"Percent means out of 100, so 35 tiles out of 100 is 35 percent."
1shgboq.wav,"Look at the whole wall. It has 100 equal tiles."
1w3cwjm.wav,"One tile is 1 out of 100, and we write 1 percent."
1ycx76s.wav,"The whole wall? 100 out of 100, or 100 percent."
1it85v7.wav,"Now count the painted ones, full columns first."
lq2x3f.wav,"10, 20, 30, then 5 more makes 35."
1smaub2.wav,"So we painted 35 out of 100. That's 35 percent."
qyjv7j.wav,"And the tiles still bare?"
m63ykx.wav,"100 take away 35 leaves 65. That's 65 percent."
11qxsv5.wav,"35 percent and 65 percent make 100 percent, the whole wall."
1ub06ih.wav,"Don't count the empty tiles."
14gta23.wav,"Those 65 are still to paint. The painted ones say 35 percent done."
16jsb0d.wav,"Three fourths, zero point seven five and 75 percent. Even the digits don't match."
jyezhx.wav,"So can they really be the same amount?"
1eic6v3.wav,"Let's put all three on one grid of 100 and see."
aqlie8.wav,"Make an amount out of 100, and you can write it three ways that all mean the same."
1lmjd39.wav,"Cut the 100 squares into 4 equal parts."
17kzge1.wav,"How big is each part? 100 divided by 4 equals 25, so 25 squares."
sv59ne.wav,"Take 3 parts. That's 75 squares, so three fourths is 75 hundredths."
1on48yy.wav,"Now slide the same 75 squares into columns."
wxtfij.wav,"7 full columns and 5 more."
150ozpv.wav,"75 hundredths, with a point, is zero point seven five."
1ub4uc4.wav,"And the percent? 75 out of 100 is 75 percent."
1lb2sal.wav,"So three fourths, zero point seven five and 75 percent are one amount."
5m0uzi.wav,"All three screens were right."
1rjp332.wav,"Don't just join the 3 and the 4. three fourths is not 34 percent."
12rjs4l.wav,"Make it out of 100 first. That's 75 hundredths, or 75 percent."
14afp3j.wav,"30 percent means 30 out of every 100."
l3zrzf.wav,"With 100 dollars, that's easy. It's just 30 dollars."
b83onx.wav,"But you have 80 dollars. So how do you take 30 percent of that?"
1l9ovjh.wav,"Cut the whole into 10 equal parts, each worth 10 percent, then take as many parts as the percent needs."
r0xmgd.wav,"Cut the 80 dollars into 10 equal parts."
410ydl.wav,"What is each part? 80 divided by 10 equals 8, so each part is 8 dollars."
w4evoz.wav,"One part is 10 percent, so 10 percent of 80 dollars is 8 dollars."
1knrn7i.wav,"30 percent is 3 of those parts."
yv3var.wav,"Count the money in them. 8, 16, 24."
1videjl.wav,"So 30 percent of 80 dollars is 24 dollars, for the shelter."
1f54swi.wav,"Is 24 dollars less than 30 dollars? Yes, just like it should be."
78huxg.wav,"Don't read the 30 as dollars."
84h11v.wav,"30 dollars would be 30 percent of 100 dollars. You have less, so you give less, 24 dollars."
tdvgu1.wav,"The 15 dollars is not the price. It's only part of it."
1xdk772.wav,"So is the helmet more than 15 dollars, or less?"
rb1egr.wav,"More. 15 dollars is just 25 percent, and the price is the whole 100 percent."
qvqkog.wav,"Find what one equal piece is worth, then count pieces all the way up to 100 percent."
bt5ew4.wav,"How many 25 percent pieces make 100 percent?"
6p0bvl.wav,"Count by 25. 25, 50, 75, 100. That's 4 pieces."
2s9rjx.wav,"So the price is 4 equal pieces, and your 15 dollars is one of them."
1o43878.wav,"The pieces are all equal."
w7hit0.wav,"Yours is 15 dollars, so every piece is 15 dollars."
17pfism.wav,"Now count all 4 pieces. 15, 30, 45, 60."
16snj9p.wav,"So the helmet costs 60 dollars."
1cdw612.wav,"Don't take 25 percent of the 15 dollars."
1910ry4.wav,"That gives 3 dollars and 75 cents, less than you saved. The 15 dollars is one piece, so count 4 of them."
9soxbh.wav,"The sign gives a percent, not dollars."
1bup510.wav,"So how many dollars come off the 40 dollars?"
13jqwzr.wav,"We have to find that before we can pay."
2rx2dg.wav,"First find the money you save, then take it away from the price."
f0wrlz.wav,"Look at the 40 dollars as 4 equal pieces."
nk6cgf.wav,"Why 4? Because 25 percent four times makes 100 percent."
qqj5gc.wav,"40 divided by 4 equals 10, so each piece is 10 dollars."
1j5b2yt.wav,"25 percent off takes one piece away. You save 10 dollars."
1i8b1cv.wav,"Now take the saving off the price. 40 dollars minus 10 dollars equals 30 dollars."
1621zal.wav,"So you pay 30 dollars for the jacket."
1yq2qsv.wav,"25 percent off does not mean 25 dollars off."
l6sqe0.wav,"It means 25 out of every 100 dollars. On 40 dollars, that's only 10 dollars."
1ytobqz.wav,"The tag says 25 dollars. But is that what you pay?"
mahyft.wav,"No. The store adds 8 percent on top."
1i7bwmn.wav,"And how many dollars is 8 percent? We don't know yet."
14ib784.wav,"Find the tax first, then add it to the price, so you pay more than the tag."
1xfn613.wav,"The 25 dollars is the whole price. That's 100 percent."
124mt86.wav,"So what is 1 percent? 25 divided by 100 is 25 cents. That's one quarter."
1q3rguv.wav,"8 percent is 8 of those quarters."
1keovc6.wav,"8 times 25 cents is 2 dollars. So the tax is 2 dollars."
yhpcd5.wav,"Now add the tax to the price."
irel2c.wav,"25 dollars plus 2 dollars equals 27 dollars. That's what you pay at the register."
9zwesr.wav,"8 percent does not mean 8 dollars of tax."
y83u9f.wav,"8 percent of 25 dollars is only 2 dollars. So you pay 27 dollars, not 33 dollars."
1433av.wav,"The bank pays 4 percent of your 500 dollars, every year."
1oisvtw.wav,"So how many dollars is that? And there are 3 years, not one."
1k2u483.wav,"Find what the bank pays for one year, then multiply by the number of years."
1brvooz.wav,"Start with one year. What's 1 percent of 500 dollars?"
xruqfh.wav,"500 divided by 100 equals 5, so 1 percent is 5 dollars."
13htbln.wav,"4 percent is 4 of those. 4 times 5 dollars equals 20 dollars a year."
afw5c6.wav,"Year 2 pays 4 percent of the same 500 dollars. So it's 20 dollars again."
ckaa3q.wav,"Year 3 pays 20 dollars too."
1v6cly4.wav,"3 years of 20 dollars is 3 times 20 dollars equals 60 dollars."
kmzad6.wav,"So the bank pays you 60 dollars."
121smv7.wav,"With your 500 dollars, that's 560 dollars in all."
16l4hdh.wav,"Don't stop at one year. 20 dollars is only year 1."
1s41q21.wav,"3 years pays 3 times as much, 60 dollars."
19ger0q.wav,"You can count the loose ones, 3."
147mx1a.wav,"But how many are in the closed bag?"
n3mx41.wav,"You can't tell, so the total isn't one number yet."
1dh37lt.wav,"A letter can stand for a number you don't know yet, and once you know it, you put it where the letter is."
1d3ovab.wav,"So give the bag a name, n."
rr0jjl.wav,"It stands for how many marbles are inside."
1dn4zj4.wav,"You have n, and 3 more. That's n plus 3."
x91hhn.wav,"Now open the bag and count. There are 5."
19h4w8j.wav,"So this time, n is 5."
1y2307u.wav,"Wherever you see n, put a 5."
1smpxva.wav,"So n plus 3 becomes 5 plus 3."
12qevge.wav,"And 5 plus 3 is 8. You have 8 marbles."
t47yq4.wav,"n does not mean marbles."
1c2ilzc.wav,"n is a number, how many are in the bag."
3d5gt7.wav,"You say the 5 first. But do you write it first?"
v1my9r.wav,"Look at the strips."
15bktw4.wav,"Jon starts with Mia's n, then 5 more go on the end."
ckx854.wav,"Each phrase hides an action, more than adds, less than takes away, and times multiplies."
k494j7.wav,"So Jon has n, then 5 more."
61mtly.wav,"More than means add, n plus 5."
gra5hq.wav,"Ali has 3 times as many as Mia, three strips of n."
on0q7b.wav,"So you write 3 times n, or just 3 n."
1tqmume.wav,"Zoe has 2 less than Mia. Start with n, then take 2 away."
qfs7zm.wav,"So it's n minus 2."
1xddmk7.wav,"The n goes first, even though you said 2 first."
197z4lk.wav,"2 less than n is not 2 minus n."
1op9x0x.wav,"Start with n, then take 2 away."
vxey7j.wav,"Look at 3 n plus 2. Can you work it out yet?"
ej7zw8.wav,"No. While n is a letter, 3 n is not a number you know."
12vqdxm.wav,"So first, find n."
1obf2lg.wav,"Put each number in place of its letter, then do the math."
1glebpj.wav,"You're buying 4 cupcakes, so n is 4."
17g8jwm.wav,"3 n means 3 times n."
16ysevk.wav,"So put 4 in, 3 times 4 plus 2."
d20de2.wav,"Multiply first. 3 times 4 is 12."
1323ob2.wav,"Then add 2. 12 plus 2 is 14."
1oibvw2.wav,"You pay 14 dollars."
sqrzof.wav,"Two letters work the same way."
1i4qj5p.wav,"For a plus b, with a equals 6 and b equals 5, it's 6 plus 5, which is 11."
1d1qs3d.wav,"When n equals 4, 3 n is not 34."
xls9pi.wav,"It's 3 times 4, which is 12."
1cej5z0.wav,"You could write 4 times 4 times 4."
brayza.wav,"But what about six fours? Would you write them all?"
59qjez.wav,"That's slow, and easy to lose count."
p1kr7i.wav,"The small raised number says how many of the big number to multiply, so 4 with a small 3 is 4 times 4 times 4."
1rjpcz0.wav,"So write 4 with a small 3 up high."
1awkw5r.wav,"The 4 is what you multiply."
yjge7k.wav,"The 3 says how many, 4 times 4 times 4."
ybuw7u.wav,"Multiply two at a time. 4 times 4 is 16."
twi6ou.wav,"Then 16 times 4 is 64. So the shop has 64 toys."
117yo29.wav,"Two have names."
1pstx47.wav,"5 with a small 2 is 5 times 5, or 25. We say five squared."
rgsokt.wav,"2 with a small 3 is 2 times 2 times 2, or 8. We say two cubed."
148a931.wav,"4 cubed does not mean 4 times 3."
d88jfp.wav,"It means 4 times 4 times 4, which is 64."
1l7vbmp.wav,"One friend adds first, 2 plus 3 is 5, 4 squared is 16, and 5 times 16 is 80."
8vyvfo.wav,"But is that right?"
1fla0rg.wav,"We all need one order."
90qgam.wav,"Parentheses first, then exponents, then times and divide, then plus and minus, each pair from left to right."
7yxsbh.wav,"Any parentheses? No."
4pa983.wav,"So 4 squared goes first. 4 times 4 is 16."
1tl8zde.wav,"Now it's 2 plus 3 times 16."
1ai4skj.wav,"Multiply next. 3 times 16 is 48."
1e4dugc.wav,"Add last. 2 plus 48 is 50."
gzyfjd.wav,"The friend with 50 is right."
1t15tlq.wav,"Now put parentheses around 2 plus 3. They go first, 5."
1v6t0bd.wav,"Then 4 squared is 16, and 5 times 16 is 80."
1u75zcl.wav,"Same numbers, new answer."
1q13462.wav,"Don't add first just because plus comes first."
vp5pwh.wav,"Multiply first, 2 plus 3 times 16 is 50, not 80."
ll0949.wav,"One bag holds x pens and 2 erasers. That's x plus 2."
1u7g1tu.wav,"You don't know x, so x and 2 can't join into one number."
11htiqi.wav,"So how do you write three bags?"
1cvytuz.wav,"The number outside the parentheses multiplies every part inside, so 3 times x plus 2, all together, is the same amount as 3 x plus 6."
dhtnie.wav,"Put parentheses around x plus 2."
1fcu6ng.wav,"Now x and 2 stay together, one whole bag."
1gez2na.wav,"Three bags? Write a 3 in front. That's 3 times x plus 2, all together."
5a0rgr.wav,"Now open the bags and count."
uv65re.wav,"Every bag has an x, so that's 3 x's, which we write 3 x."
1c6fc79.wav,"Every bag has 2 erasers, so 3 times 2 equals 6 erasers."
1bmtp9h.wav,"So 3 times x plus 2, all together, equals 3 x plus 6."
unz20i.wav,"Does it really match? Try x equals 4."
19xxumq.wav,"One bag is 4 plus 2 equals 6, and 3 bags is 3 times 6 equals 18."
hwbbd1.wav,"The other way, 3 x is 3 times 4 equals 12, and 12 plus 6 equals 18."
17wumx.wav,"Same amount."
1uszqvi.wav,"Don't multiply only the x."
721eo3.wav,"3 times x plus 2, all together, is not 3 x plus 2. The 3 multiplies the 2 too, so it's 3 x plus 6."
1se8719.wav,"You could guess. Try 3. 3 plus 4 is 7, too light."
10w6xlt.wav,"Try 6. 6 plus 4 is 10, too heavy."
4gxcaf.wav,"Is there a way with no guessing? Yes."
150q7dq.wav,"To get x alone, take the same amount off both sides, so the scale stays level."
17g5zwk.wav,"The 4 is in the way of x. So take 4 off the left."
1a5ouvo.wav,"But if that's all you do, the scale tips."
10qr42k.wav,"So take 4 off the right too, and it stays level."
1u5e36v.wav,"Now look at each side."
1qxcfyu.wav,"On the left, 4 minus 4 leaves nothing, so x is alone."
sj86x4.wav,"On the right, 9 minus 4 equals 5."
1azct2j.wav,"So x equals 5."
v882bj.wav,"Does 5 really work? Put 5 back where x was."
1c57j2l.wav,"5 plus 4 equals 9, and the other side is 9."
fedvff.wav,"Both sides match, so the bag holds 5 marbles."
1omha60.wav,"Don't add the 4 to the other side."
1ie79dl.wav,"x plus 4 equals 9 does not make x equals 13."
fbyjy.wav,"Take 4 off both sides, so x equals 5."
bypu8c.wav,"Three tickets, each x dollars, cost 24 dollars."
79zgo4.wav,"Nothing is added to x this time, so taking something away won't help."
1ps4y35.wav,"So how do you find one x?"
wasnth.wav,"3 x is 3 equal parts, so divide both sides by 3 to find one x."
1nib1x9.wav,"Draw it. Three equal parts of x make 24."
vk0lfu.wav,"Three groups of x is written 3 x."
1oxwwol.wav,"So 3 x equals 24."
h3p3ef.wav,"Split both sides into 3 equal parts."
nbbgv4.wav,"3 x divided by 3 is one x."
1gagbyi.wav,"24 divided by 3 equals 8."
1j9rh6i.wav,"So x equals 8."
12y9chx.wav,"Does 8 really work? Put 8 back where x was."
13ntcp9.wav,"3 times 8 equals 24, and that matches."
1b4zvj2.wav,"So one ticket costs 8 dollars."
5hrll9.wav,"Don't subtract the 3."
4sb5dd.wav,"3 x equals 24 does not make x equals 21."
vrhn69.wav,"The 3 multiplies x, so divide by 3 instead. That gives 8."
7vxr1k.wav,"Try listing them. 4, 5, 6, and 3 and a half."
11nnc20.wav,"They never stop, even past 100."
1oje3fm.wav,"So how can you show every one at once? On a number line."
1prfy79.wav,"x is greater than 3 means every number bigger than 3, so draw an open dot at 3 and an arrow to the right."
b4ka44.wav,"Start at 3. Does 3 itself work?"
y0lolt.wav,"No, 3 is not more than 3."
1310tl9.wav,"So the dot at 3 stays open, an empty circle."
ltxkgf.wav,"Bigger numbers are to the right."
3yg669.wav,"So color the line from 3 all the way right."
2kyz8v.wav,"Then add an arrow, because it never stops."
1qu33im.wav,"Now a new one. x is less than or equal to 5 means 5 or less."
lnlpa5.wav,"5 works this time, so fill the dot in."
1iebfvd.wav,"Less means smaller, so color the line to the left."
1005mck.wav,"Don't fill the dot for x greater than 3."
8glds3.wav,"The 3 does not work, so its dot stays open."
12l65c9.wav,"Could you count square tiles?"
1sgh565.wav,"The ends lean, so the tiles there break into bits."
ucp2wt.wav,"Is there a better way? Yes."
kgwueu.wav,"Cut a triangle off one end, slide it to the other end, and you get a rectangle, so the area is base times height."
1635m0w.wav,"The base is the bottom edge, 6 centimeters."
6u2l4s.wav,"The height is how tall it stands, straight up. That's 4 centimeters."
uwyt8y.wav,"Cut along the dashed line."
1ek9744.wav,"Slide that triangle to the other end."
12eu2n7.wav,"Nothing is lost or added."
16mna81.wav,"Now it's a rectangle, 6 centimeters by 4 centimeters."
1o5804p.wav,"So 6 times 4 equals 24 square centimeters."
nru2kt.wav,"Don't use the slanted side, 5 centimeters. That gives 30, too much."
1d8t8mc.wav,"Use the straight-up height, 6 times 4 equals 24."
euokh2.wav,"What about 6 times 4?"
i44hj.wav,"That's cloth for a whole rectangle, and the flag fills only part of it."
1jx6z2y.wav,"So how much of it is flag? Exactly half. Here's why."
9ef1tj.wav,"Two copies of a triangle make a leaning four-sided shape, so one triangle is half of it, one half times base times height."
1r8cpa4.wav,"The base is the bottom edge, 6 inches."
t6chyc.wav,"The height goes straight up to the top point. That's 4 inches."
681k1q.wav,"Turn a copy of the flag upside down."
1epcdqy.wav,"Fit it onto the slanted side."
1d4epua.wav,"Two flags make one leaning shape, 6 inches by 4."
kx1t7w.wav,"That shape is 6 times 4 equals 24 square inches."
jf4aih.wav,"It's two flags, so take half, 24 divided by 2 equals 12 square inches."
r3wtwg.wav,"Don't stop at 6 times 4 equals 24."
1df6qmz.wav,"That's two flags. Take half, one half times 6 times 4 equals 12."
onz6wj.wav,"Is this wall a rectangle? No."
1voyr5z.wav,"Is it a triangle? No again."
1e7pona.wav,"So no one rule fits the whole wall."
mo0y8r.wav,"Cut the shape into pieces you know, find each piece's area, and add them."
sxjksh.wav,"Cut straight across, right where the roof starts."
1g3g6a.wav,"Now there's a rectangle at the bottom and a triangle on top."
pizc4e.wav,"The rectangle is 6 times 4 equals 24 square meters."
1g9p8xh.wav,"The triangle is half of 6 times 3. That's 9 square meters."
1ptvics.wav,"24 plus 9 equals 33. So there are 33 square meters to paint."
mddscz.wav,"Don't draw one big box around the wall. 6 times 7 equals 42 counts the empty corners too."
y0l540.wav,"Find each piece, then add, 24 plus 9 equals 33."
1lz900j.wav,"Length times width times height counts the cubes inside."
1epwb5q.wav,"But paper doesn't go inside. It wraps the outside."
1iv4tei.wav,"So what do we add up? Every flat side."
1ny6g2y.wav,"Unfold the box flat, then add up the areas of all 6 of its flat sides."
brt4zc.wav,"Cut some edges and fold the box open, flat."
1bx6gdd.wav,"A bottom, a front, a top, a back, and an end on each side."
1rkdw3z.wav,"That's 6 flat sides."
1eqpoy9.wav,"The top and the bottom are both 4 times 3 equals 12."
k376id.wav,"The front and the back are both 4 times 2 equals 8."
fdb7v8.wav,"The two ends are both 3 times 2 equals 6."
1j7dbv6.wav,"Now add all six. 12 plus 12 plus 8 plus 8 plus 6 plus 6 equals 52."
43tin.wav,"So the paper is 52 square centimeters."
1l7m9jg.wav,"Don't add only the 3 sides you see."
14lp4rg.wav,"12 plus 8 plus 6 is just 26, half the paper."
i7dml8.wav,"Each has a partner at the back or underneath. Count each one twice, and you get 52."
5hv07v.wav,"Let's try filling it with 1-foot cubes."
wz5j57.wav,"Along the length, 2 fit, and then half a foot is left."
1dek1tc.wav,"Does a whole cube fit in that gap? No."
9xju4.wav,"So counting whole cubes would miss space."
m9hhso.wav,"Multiply length times width times height, even when the edges are fractions."
1qw5ms1.wav,"Mixed numbers are hard to multiply, so first I rewrite them."
1gl9npq.wav,"2 and one half feet is 5 half feet. We write five halves."
uym7bo.wav,"1 and one half feet is 3 half feet, so three halves."
1a990ts.wav,"Same chest, same edges, just easier to multiply."
12wvrdy.wav,"Now multiply, two edges at a time."
1s85ang.wav,"Length times width first. five halves times 2 equals ten halves, and that's 5."
a79mai.wav,"Then times the height. 5 times three halves equals fifteen halves."
zy2txu.wav,"fifteen halves means 15 halves. How many wholes is that?"
jfo7o9.wav,"2 halves make 1 whole, so 14 halves make 7, and 1 half is left."
12c2i6g.wav,"So the chest holds 7 and one half cubic feet."
qxuuhk.wav,"Don't drop the halves."
axlvvo.wav,"2 times 2 times 1 is only 4. That leaves out a big chunk of the chest."
r4wofu.wav,"Keep them, five halves times 2 times three halves equals 7 and one half."
xjmxjj.wav,"You could get a protractor and measure the other angle."
1ronbfc.wav,"But do you need one? No."
1uic4bm.wav,"The floor is a straight line, and that line already tells you."
1gso0f9.wav,"Angles that sit side by side on a straight line add up to 180 degrees."
1ghhs13.wav,"Here's why. Face one way, then turn until you face the other way."
o7jkhy.wav,"That's a half turn, and a half turn is 180 degrees."
u5h6tr.wav,"A straight line opens exactly that much."
1kr09f8.wav,"Now the board splits the line into two angles, 55 degrees and the one we want."
w91xqm.wav,"They fill the whole line, with no gap and no overlap."
ooeocz.wav,"So together, the two make 180 degrees."
9r2ute.wav,"One part is 55 degrees, so the other is what's left of 180."
1u9a0xx.wav,"Take it away. 180 minus 55 equals 125."
fc0zqa.wav,"The angle on the other side of the board is 125 degrees."
1g0ut07.wav,"Don't take it away from 90. That gives 35."
k0grp.wav,"A straight line is not a square corner. It's two of them, 180 degrees."
18aae88.wav,"Look at these four towers."
9lj7ea.wav,"Pick the tallest, 6? Or the shortest, 2?"
cqgkci.wav,"Neither one is fair to every tower. We need one number that treats all four the same."
1wt94fn.wav,"Put it all together, then share it out equally, the total divided by how many is the fair share."
190kkr5.wav,"So push every tower into one pile."
1ti2myu.wav,"2 plus 6 plus 3 plus 5 equals 16 cubes in all."
neejrc.wav,"There are 4 towers, so share the 16 cubes into 4 equal towers."
ruwk96.wav,"16 divided by 4 equals 4."
v9o0qc.wav,"Every tower is 4 tall."
1ovs3d1.wav,"Let's check it."
1v0dcz0.wav,"Take 2 cubes off the 6 and give them to the 2."
1cotor8.wav,"Take 1 off the 5 and give it to the 3."
1owpo3j.wav,"Now every tower is 4, and no cube was added."
12rvx5u.wav,"Don't stop at the total. 16 is the whole pile, not one tower."
1hdqgkj.wav,"Divide it by 4 towers. 16 divided by 4 equals 4."
zgpq4x.wav,"The middle spot of this list holds 9."
bylyj5.wav,"But 9 is the tallest seedling. Can the tallest be the middle? No."
lorgl8.wav,"This list is jumbled."
aqwt0i.wav,"Put the numbers in order, and the one in the very middle splits them in half."
hkzqmi.wav,"So the first job, every time, is to sort them."
4iv2h6.wav,"Smallest to biggest, that's 3, 4, 6, 7, 9."
zc1is0.wav,"Now cross off one from each end."
11qb8ef.wav,"3 and 9 go. Then 4 and 7 go."
1ao3a1s.wav,"The one left is 6, so the middle height is 6 inches."
z57lax.wav,"What if there's no single middle?"
13gh9dv.wav,"Add a seedling that's 10 inches tall."
16cn438.wav,"Now two numbers share the middle, 6 and 7."
1hiagkw.wav,"Halfway between them is six and a half."
17lohlr.wav,"Don't grab the middle spot before you sort. That gives 9."
a7cmxo.wav,"Sort first, and the middle is 6."
javjqr.wav,"You could add up all the pets."
9r8979.wav,"Would that show which answer came up most? No."
u9z97d.wav,"It only tells how many pets there are in all."
qrh2s8.wav,"The most common value is the one that shows up most often, so find the tallest stack and read the number under it."
jasmyc.wav,"Here's how this picture is made."
5hm1g6.wav,"Each kid puts one X above their number of pets."
jzw0m7.wav,"Watch the stacks grow."
nsjjd5.wav,"Which stack is the tallest?"
1fg1cqp.wav,"Count each one, 3, 5, 2, 1, 1."
bkz79o.wav,"The tallest has 5 Xs, more than any other."
100j9xp.wav,"Now look under that stack."
1gd3swz.wav,"It sits above 1."
1pgozqj.wav,"So the most common number of pets is 1."
1kaiet1.wav,"The answer is not how tall the stack is."
1ky33z4.wav,"It holds 5 kids, but the most common answer is 1 pet."
1tuq3xg.wav,"Sam's best game was 15 points."
1uxk7kj.wav,"But does one number show how far apart his games are? No."
19vrrsu.wav,"A player who scores 15 every game is very different."
1pgzc3v.wav,"To see how spread out numbers are, take the biggest number minus the smallest number."
p0bpwp.wav,"Start at the two ends."
1vo544r.wav,"His smallest score is 4. His biggest is 15."
b89ila.wav,"Every other game sits in between."
16mheqm.wav,"How far is it from 4 up to 15?"
9m7rmi.wav,"15 minus 4 equals 11."
11it8ho.wav,"So his scores are spread over 11 points."
jz1ku.wav,"Now Kim. She scored 9, 10, 8, 11 and 10."
168lth8.wav,"Her gap is 11 minus 8 equals 3."
1w0lxbv.wav,"See how her scores huddle close together?"
13gu3u4.wav,"Don't subtract the first number from the last one. That gives 9 minus 4 equals 5."
zwxqom.wav,"Find the smallest and the biggest instead. 15 minus 4 equals 11."
jl7nya.wav,"Try the mean first. Add all five ages, and you get 80."
89tggp.wav,"Share it by 5. 80 divided by 5 equals 16."
ia5ak2.wav,"But who at this party is 16? Nobody."
1vkh2sh.wav,"One number far from the rest pulls the mean toward it, so the median fits the group better."
bdsm0w.wav,"Look at the four kids on their own. 9, 10, 10 and 11 make 40."
sj8wr2.wav,"40 divided by 4 equals 10. So their mean is 10."
1383kig.wav,"Now put the grown-up back in. The mean jumps to 16, pulled up by one person."
13y1in3.wav,"Now try the median. Put the ages in order, 9, 10, 10, 11, 40."
olgqwu.wav,"The one in the middle is 10."
1ogaxbl.wav,"The 40 is still in the list, and the median is still 10."
cgnyhh.wav,"So which number fits this party? Almost everyone is about 10."
469a1v.wav,"The median says 10. The mean says 16, and that fits nobody."
1wkuonj.wav,"When one number sits far from the rest, pick the median."
of7uip.wav,"Don't reach for the mean every time."
nia9f6.wav,"One far number pulls it away from the group. Then the median fits better."
1mv82en.wav,"You could read a long list of names and times, one kid at a time."
iu6ksw.wav,"That works. But it's slow, and it's easy to lose count."
2f8olr.wav,"Is there a faster way? Yes. A picture sorts the kids for us."
ejl0ih.wav,"Each X stands for one thing, and each bar counts everything in its group."
gchbuw.wav,"Look. Every X here is one kid."
v9xztl.wav,"Above 30 I count 5. Above 40, 3. Above 50, just 1."
lqcxkq.wav,"The question says 30 minutes or more. Does 30 itself count? Yes."
1oqwzot.wav,"So add the stacks over 30, 40 and 50."
25ugue.wav,"5 plus 3 plus 1 equals 9. So 9 kids practiced that long."
1q3w12n.wav,"Sometimes every time is different, so every stack is just 1 tall."
ybkpjb.wav,"So we put the times in groups, and draw one bar for each group."
11cdki9.wav,"This bar is over 20 to 29. It reaches 8, so 8 kids practiced 20 to 29 minutes."
bsq28e.wav,"Don't count the numbers along the bottom."
1hfhki.wav,"30, 40 and 50 give you 3. Count the X's instead, and you get 9."
ryfyyg.wav,"Only two things can happen. You win, or you lose."
pw50kc.wav,"So is your chance one half? No."
dofxly.wav,"Look at the spinner. Red covers only some of the parts."
qn1a6c.wav,"The chance of something is the number of ways it can happen over the number of all the ways."
1geb2yt.wav,"First, count the ways to win. Count the red parts with me."
1rnien5.wav,"1, 2, 3. So there are 3 ways to win."
1rp1wei.wav,"Next, count every part. The arrow could stop on any one of them."
2pd3ut.wav,"3 red, 3 blue, 1 green and 1 yellow. That's 8 parts in all."
b3ojz2.wav,"Now make a fraction. The ways to win go on top."
14nez36.wav,"All the ways go on the bottom."
1vn227e.wav,"So the chance of red is three eighths."
1yyimob.wav,"Don't put red over the parts that are not red."
1t44u24.wav,"That gives three fifths. Red goes over every part, all 8, so it's three eighths."
15o710k.wav,"You might say maybe. A friend might say probably."
o6aqf4.wav,"Which one is right? Words mean different things to different people."
1x6xrt0.wav,"So we put every chance on one line, from 0 to 1."
1xawzz7.wav,"Every chance is a number from 0 to 1, where 0 is impossible, 1 is certain and one half is right in the middle."
nn9yx9.wav,"Start with the two ends. Can you pull out a green marble? No."
e2lngp.wav,"That's 0 ways out of 4. Its chance is 0."
128sl2i.wav,"Any marble at all is 4 ways out of 4. Its chance is 1."
1wle5og.wav,"Now the middle. Flip a coin. Heads is 1 way out of 2, so one half."
yqjqo.wav,"Heads and tails have the same chance, so one half sits exactly halfway."
14v1qx9.wav,"Back to the bag. Red is 3 ways out of 4, so three fourths."
10a0wes.wav,"Is three fourths past the middle? Yes, so red is likely."
wz65nv.wav,"Blue is 1 way out of 4, so one fourth. That's below the middle, so blue is unlikely."
1qdh8y0.wav,"Don't call blue likely just because it can happen."
5jxyvf.wav,"One fourth is below one half, so blue is unlikely."
mvjwhu.wav,"Look at Job A. More hours, more pay."
1bp4vv7.wav,"Job B goes up too. So which one pays the same for every hour?"
1tfc6z6.wav,"Going up can't tell us. We need a sharper test."
1btl85y.wav,"Divide each pay by its hours, and if every answer is the same, the job pays one steady rate."
11d32n2.wav,"Take Job A. Divide each pay by its hours."
1muvcl6.wav,"12 divided by 1 equals 12. 24 divided by 2 equals 12. 36 divided by 3 equals 12."
1gk56jb.wav,"Every answer is 12. Job A pays 12 dollars for every hour."
g7yic8.wav,"Now the same test on Job B."
1rrbdee.wav,"15 divided by 1 equals 15. But 25 divided by 2 equals twelve and a half."
j7fx2y.wav,"Already different. So Job B does not pay the same for every hour."
9lrykb.wav,"Why is Job B different? It pays an extra 5 dollars at the start, then 10 dollars an hour."
hpngq.wav,"That 5 dollars is shared by more hours as you go, so each hour's pay keeps changing."
8u938s.wav,"Job A has no extra. It stays at 12 dollars an hour."
ufaf2f.wav,"Job B goes up 10 dollars every hour. That does not make it steady."
h970s7.wav,"Going up by the same amount is not the test. Divide pay by hours, and every answer must match."
17zbzyx.wav,"The table stops at 6 minutes."
9w8fgb.wav,"What about 20 minutes? Or 100? You don't want to keep making the table longer."
ciy7qd.wav,"You want one rule that works for any number of minutes."
1tiuzf6.wav,"Find the one number that y divided by x always makes, then multiply any x by it to get y."
pm8z08.wav,"Take each number of gallons and divide it by its minutes."
1e9k854.wav,"5 divided by 2 equals two and a half. 10 divided by 4 equals two and a half. 15 divided by 6 equals two and a half."
1f3oces.wav,"The same every time. The hose adds two and a half gallons each minute."
144us0d.wav,"Does it work backwards? Multiply the minutes by two and a half."
glsrug.wav,"2 times two and a half equals 5. 4 times two and a half equals 10. 6 times two and a half equals 15."
8stlcn.wav,"Every number of gallons comes back. So it works."
1q78rc3.wav,"So the gallons are two and a half times the minutes. We write y equals two point five x."
i5q4z.wav,"Now 20 minutes is quick. Two and a half times 20 equals 50 gallons."
a1mvda.wav,"No longer table needed."
ah8p60.wav,"Don't flip it. 2 divided by 5 equals four tenths, and that gives minutes for each gallon."
11e6ilt.wav,"You want gallons for each minute, so y goes on top, 5 divided by 2."
yv5zm0.wav,"Look at the dots. They climb up to the right."
18i67jv.wav,"But dots can climb without growing at one steady rate."
2qpyd8.wav,"So what should you look for on a graph?"
1j9g8eo.wav,"A steady-rate graph is a straight line through the point zero, zero, and its height at x equals 1 is the rate."
11hi9iy.wav,"Lay a ruler along the dots."
nph87y.wav,"Do they all sit on one straight line? Yes. No bend, no curve."
1m7ewrt.wav,"Now go back to week 0."
trb97o.wav,"Jo had saved nothing yet. 0 weeks, 0 dollars."
1lfnxgs.wav,"So the line starts right at the corner, at the point zero, zero."
x92krw.wav,"Here's the useful part. Find 1 week on the bottom, and go straight up to the line."
1s2xyhj.wav,"The line is at 2. That's 2 dollars a week."
urceyy.wav,"So the rule is y equals 2 x."
1i9wnn5.wav,"A straight line is not enough. A line that starts at the point zero, three had 3 dollars saved before week one."
9l711.wav,"That head start keeps y divided by x changing. The line has to start at the point zero, zero."
1l4mzjb.wav,"Normally you divide the miles by the hours."
1xlpmy8.wav,"That's one half divided by one fourth. Strange, isn't it?"
ii6arg.wav,"Will the answer be more than one half, or less?"
50rxnc.wav,"Divide the distance by the time, and it tells you how far you go in one whole hour, even when both are fractions."
1eqnwod.wav,"Draw one hour as a bar. Cut it into quarters. That's 4 pieces."
yl7l9d.wav,"Your walk fills one piece, one fourth of an hour, and covers one half mile."
1sdkrr5.wav,"So will a whole hour go farther? Yes. It's 4 pieces long."
67qykk.wav,"Keep the same pace. Each quarter adds one half mile."
12h8dpj.wav,"one half plus one half plus one half plus one half equals 2."
1jwz9d0.wav,"So you walk 2 miles in one hour."
9s7pk4.wav,"Now check it with division. Dividing by one fourth is the same as multiplying by 4."
2bq6fp.wav,"So one half divided by one fourth equals one half times 4 equals 2."
14la0t0.wav,"2 miles per hour. It matches the bar."
1uz91j2.wav,"Don't put the time on top. one fourth divided by one half equals one half is hours for each mile."
13xddtz.wav,"You want miles for each hour, so the miles go on top, one half divided by one fourth equals 2."
1lk10jv.wav,"Your first thought might be to add."
8rn7hx.wav,"6 inches is 4 more than 2, so add 4 miles to the 15?"
75gvye.wav,"No. 2 inches is already 15 miles, so 6 inches can't be only 19."
1ope9mp.wav,"The map would stop matching the real world."
3xlnqs.wav,"Two equal ratios grow the same way, so find what one number was multiplied by and do the same to the other."
euqpzm.wav,"Look along the inches row."
mqgh13.wav,"2 inches turned into 6 inches."
iaizh0.wav,"So, 2 times what makes 6? 2 times 3 equals 6."
1hhsref.wav,"The map distance was multiplied by 3."
1ozyqiw.wav,"Now do the exact same thing to the miles."
1u48rnz.wav,"15 times 3 equals 45."
ykyx91.wav,"So the towns are really 45 miles apart."
117zfwn.wav,"Want to be sure?"
1xnn5n8.wav,"Write both ratios as fractions, two fifteenths and six forty-fifths."
3j15uc.wav,"Now multiply across the middle."
yftpi9.wav,"2 times 45 equals 90."
ajxx3x.wav,"And 15 times 6 equals 90."
1r4pwyq.wav,"Both make 90, so the two ratios are equal."
gtvuvi.wav,"Don't add the 4 extra inches to the miles. 15 plus 4 equals 19 miles is far too short."
1901ibu.wav,"The inches were multiplied by 3, so multiply the miles by 3. That makes 45 miles."
z8vk5t.wav,"The price went up 5 dollars."
1wv0k7a.wav,"But a percent compares one amount to another."
m0a67s.wav,"So, 5 dollars out of what? The old 20 dollars, or the new 25 dollars?"
10g51ot.wav,"Those give different answers."
dgueup.wav,"Find the change, then compare it to the original amount, change divided by original times 100."
vbu27s.wav,"Start with the change."
rgivt7.wav,"New price minus old price. 25 dollars minus 20 dollars equals 5 dollars."
13udr7g.wav,"That 5 dollars is the piece that got added on."
1hqn78.wav,"Now hold that 5 dollars against last year's 20 dollars."
1iok111.wav,"How many 5 dollars pieces fit in 20 dollars? Four."
9cy88z.wav,"So the change is one piece out of four. 5 divided by 20 equals zero point two five."
12ps5mk.wav,"One last move."
1wxuhds.wav,"Multiply by 100 to turn it into a percent."
1spbdm6.wav,"Zero point two five times 100 equals 25, so the ticket went up 25 percent."
16kk64w.wav,"Don't divide by the new price. 5 divided by 25 times 100 gives 20 percent, and that's too small."
g26rkx.wav,"Divide by the price you started with. 5 divided by 20 times 100 gives 25 percent."
asa06k.wav,"Careful with that 40."
q81f8x.wav,"Does it mean 40 dollars more? No. The tag is not 20 dollars plus 40 dollars."
qtuper.wav,"A percent is a share out of 100."
183rc52.wav,"So 40 percent means 40 dollars for every 100 dollars the shop paid."
exl3rr.wav,"Find that percent of the price, then add it on."
s0qhzt.wav,"So find the extra first."
1nqoa5q.wav,"10 percent of 20 dollars is 2 dollars."
1zu895.wav,"40 percent is four of those 10 percent pieces. 4 times 2 dollars equals 8 dollars."
pibt7h.wav,"Now add the extra to what the shop paid."
lz7xvt.wav,"20 dollars plus 8 dollars equals 28 dollars."
kjtjms.wav,"That is the number on the tag."
1lmzcfy.wav,"The tag is all of the 20 dollars, which is 100 percent, plus 40 percent more."
1hr90p9.wav,"Together that is 140 percent of 20 dollars."
7eo28u.wav,"And 140 percent is one point four, so one point four times 20 dollars equals 28 dollars."
1qbm1rl.wav,"Don't stop at the 8 dollars. That is only the extra."
y9cbff.wav,"The tag is the 20 dollars and the 8 dollars together, 28 dollars."
1vm4e0y.wav,"Your guess is 5 beans off."
4ildnp.wav,"Is 5 off good?"
1idyud9.wav,"In a jar of 50, that's close. In a jar of 10, it's way off."
18a787g.wav,"So the gap alone can't tell you how good the guess was."
14r11o1.wav,"Find how far the guess is from the real amount, then divide by the real amount and multiply by 100."
ny93mo.wav,"Start with the gap."
jb3crs.wav,"50 minus 45 equals 5, so the guess was 5 beans away."
ffrb8.wav,"What if you had guessed too high, like 55? The gap is still 5."
1ybzvu1.wav,"Only how far matters, not which side."
k4mutu.wav,"Now hold that gap against the real count."
anhcng.wav,"Cut the 50 into pieces of 5. Ten of them."
4lkr6v.wav,"The gap is one piece out of ten. 5 divided by 50 equals zero point one."
rtm5l2.wav,"Last step, same as before."
1o3fxxl.wav,"Times 100 turns it into a percent."
1wdoyla.wav,"Zero point one times 100 equals 10, so your guess was 10 percent off."
1309fve.wav,"Don't divide by your guess. It's the thing being checked, so it can't be the measuring stick."
4pm16t.wav,"Divide by the real count, 5 divided by 50 times 100 equals 10 percent."
jhiv1d.wav,"Both of them are 4 feet from the water."
4sig2e.wav,"So do we just write 4 for the bird, and 4 for the fish?"
18ipv1g.wav,"Then which one is up in the air, and which one is under the water? You can't tell."
15j3ogb.wav,"A number and its opposite are the same distance from 0, on different sides of it."
109bx33.wav,"The water is 0 on this number line."
1ubqf99.wav,"Count with me from 0 out to the bird. 1, 2, 3, 4."
quq9ey.wav,"That's 4 steps to the right, so the bird is at 4."
108lyyv.wav,"Now the fish. Which way does it go?"
12kcmr5.wav,"It's 4 steps from 0 too, but the other way, to the left."
1qoni4a.wav,"Left of 0 gets a minus sign, so the fish is at negative 4."
6ew88m.wav,"So 4 and negative 4 are opposites."
1f5bd1m.wav,"Try 7. Go 7 steps the other way, and you land on negative 7."
1xr6es.wav,"And the opposite of negative 7? Change the sign again, and it's 7."
1r35uyu.wav,"To find the opposite of negative 5, don't keep the minus sign."
vkasuc.wav,"negative 5 is left of 0, so its opposite is right of 0, at 5."
4kjkk9.wav,"Ben ended up at negative 5."
1xcxc4w.wav,"So did he walk negative 5 blocks? No. Nobody walks a negative number of blocks."
z43ix3.wav,"The minus sign tells you which way he went, not how far."
12yhmk7.wav,"How far a number is from 0 is never negative, so count the steps to 0 and drop the sign."
1u3cbn6.wav,"Put your finger on negative 5 and walk it to 0."
nizzra.wav,"So negative 5 is 5 steps from 0. Ben walked 5 blocks."
1lu85n8.wav,"Now Ana. How far is 5 from 0?"
ots69b.wav,"Count back to 0. That's 5 steps too."
15w9u9m.wav,"So they both walked the same distance, 5 blocks each."
igfawy.wav,"Math has a short way to ask how far from 0."
a63u1m.wav,"Two bars around a number ask that question."
f23gu8.wav,"So the bars turn negative 5 into 5, and 5 stays 5."
ekgr2f.wav,"Bars around negative 4 do not give negative 4."
1l67h23.wav,"A distance is never negative, so it's 4."
121debb.wav,"We write it as 3 plus negative 5."
9j6xgf.wav,"Is it 3 plus 5, which is 8?"
uadebq.wav,"No. You lost 5 points, so your score can't go up."
jwfdbk.wav,"A plus and a minus cancel to 0, so pair them up, take the pairs away, and count what is left."
zt6k1w.wav,"Put out 3 plus counters for the win, and 5 minus counters for the loss."
ozvago.wav,"Win a point, lose a point, and you're back to 0."
hhx2q7.wav,"How many pairs can we make? 3."
yuajd3.wav,"Each pair is worth 0, so taking it away changes nothing."
1j6bl8o.wav,"What's left behind? 2 minus counters."
1tw090y.wav,"2 minus counters means negative 2."
y7xoqg.wav,"So 3 plus negative 5 equals negative 2."
1mj9g2l.wav,"Your score went down by 2, just like the story said."
wiz8a8.wav,"Don't just add the 5 on and get 8."
xbj7c6.wav,"A minus counter cancels a plus counter. It doesn't join it."
13mw9p9.wav,"We write it as negative 3 minus 5."
7rktyc.wav,"Look at the two minus signs. Do they mean the same thing?"
1xqagh.wav,"No. The first is part of the number. The second means take away."
rdrkdp.wav,"So let's turn the taking away into adding."
16lcbvu.wav,"Taking away a number is the same as adding its opposite."
1b5qhnp.wav,"First, change the take-away sign to a plus."
152rkrq.wav,"Then change 5 to its opposite, negative 5."
1enpa99.wav,"Nothing else changes. The negative 3 stays just as it is."
25estp.wav,"Now it's adding, and we know how to add."
56fe34.wav,"Start at negative 3 on the number line."
1wueslm.wav,"Which way does adding negative 5 go? Left, 5 steps."
qmj701.wav,"Count them off, and you land on negative 8."
345hs.wav,"So negative 3 minus 5 equals negative 8."
153h1c7.wav,"The elevator is on floor negative 8, way below the ground floor."
rhpvmo.wav,"Don't just take the small number from the big one."
l5zdz8.wav,"Change it to adding the opposite first, then move along the line."
ujy7ap.wav,"Losing 2 points, 3 times, is 3 times negative 2. That's 3 groups of negative 2."
1gcpes.wav,"But what could negative 3 times negative 2 mean?"
11x4q1t.wav,"You can't make negative 3 groups of anything."
udc0wu.wav,"Multiply the numbers, then check the signs, same signs make a positive answer, and different signs make a negative one."
me3gjh.wav,"Look at a pattern instead. 3 times 2 is 6, and 3 times 1 is 3."
13fv6n0.wav,"Keep counting down. 3 times 0 is 0, 3 times negative 1 is negative 3, and 3 times negative 2 is negative 6."
qq09vs.wav,"Each answer drops by 3. So your score changed by negative 6."
1qn8w3f.wav,"Now start with negative 3. Negative 3 times 2 is negative 6, and negative 3 times 1 is negative 3."
lbmjy9.wav,"Keep going. Negative 3 times 0 is 0. What comes next?"
1ybfyby.wav,"Each answer goes up by 3. So negative 3 times negative 1 is 3, and negative 3 times negative 2 is 6."
1sest4e.wav,"Here's the quick way. Multiply 3 times 2 equals 6, and forget the signs for a moment."
1rtb2ic.wav,"Then look at the signs. 3 times negative 2 has different signs, so it's negative 6."
16kbc94.wav,"Negative 3 times negative 2 has the same signs, so it's 6."
1oeta0h.wav,"Two negatives do not make a bigger negative. Negative 3 times negative 2 is not negative 6."
ls8gp1.wav,"Same signs give a positive answer, every time. It's 6."
1gzdh75.wav,"You already know 12 divided by 4 equals 3. But is the answer just 3?"
16w9qp6.wav,"A plain 3 would mean the team gained 3 points a game."
1clyd4h.wav,"It lost points, so the answer needs a minus sign."
190twl9.wav,"Dividing uses the same sign rule as multiplying, same signs make a positive answer, and different signs make a negative one."
1kwyn1g.wav,"Dividing undoes multiplying, so turn the question around."
1i7u12s.wav,"4 times what makes negative 12?"
1ayr04q.wav,"4 times negative 3 is negative 12. So negative 12 divided by 4 equals negative 3. The team lost 3 points a game."
10spe3.wav,"Now try negative 12 divided by negative 4."
1280um.wav,"Same question. Negative 4 times what makes negative 12?"
dkf0ad.wav,"It's 3, because negative 4 times 3 is negative 12. So negative 12 divided by negative 4 equals 3."
76lw44.wav,"So the quick way is the one you used for multiplying."
2bs5tw.wav,"Divide 12 divided by 4 equals 3, then look at the signs."
fzn75c.wav,"Same signs, it stays 3. Different signs, it's negative 3."
2e11o5.wav,"Don't keep the minus sign just because both numbers have one."
pjhznp.wav,"Two negatives divide to a positive. Negative 12 divided by negative 4 is 3."
1ay9wg4.wav,"You might drop the minus sign and add one half plus three fourths. That's five fourths."
8mdbd2.wav,"But where did the frog start?"
11hblnj.wav,"Below 0, at negative one half. A jump of three fourths can't carry it past 1."
1jmxh3g.wav,"Negative fractions and decimals follow the same rules as negative whole numbers, so keep the minus sign all the way through."
o4x4bt.wav,"To add, both numbers need the same bottom number."
1loklv0.wav,"Is negative one half a number of fourths? Yes. Negative one half is negative two fourths."
17iselu.wav,"Now they match, negative two fourths plus three fourths."
is9ghg.wav,"Put your finger on negative two fourths."
a8jrau.wav,"Adding three fourths means 3 hops of one fourth, to the right."
jrmins.wav,"Hop with me, negative one fourth, 0, one fourth."
r91qk8.wav,"The frog lands on one fourth, just above the water."
1m8whq9.wav,"So negative one half plus three fourths equals one fourth."
8udb43.wav,"Decimals work the same way. Negative two point five times 4 has different signs, so it's negative 10."
lldf6f.wav,"Don't drop the minus sign off a fraction or a decimal."
fnqaqo.wav,"It still means left of 0. The frog starts at negative one half, not one half."
jmk06o.wav,"You might grab both numbers and do negative 5 minus 8. That's negative 13."
vr7iy5.wav,"But negative 13 is colder than when we started. Does that fit the story?"
1prxk87.wav,"No. The story says warmer. The words tell you which way to go."
kz7tw6.wav,"Up, warmer and gained are positive, down, colder and lost are negative, so give each amount its sign before you do the math."
1r54vgt.wav,"So write it with signs. We start at negative 5."
sr2zeo.wav,"Warmer means up, so the change is plus 8."
1d7fn68.wav,"The math is negative 5 plus 8."
16watcs.wav,"Now climb the thermometer with me. Up 5 degrees takes you to 0."
rrh5rf.wav,"That uses 5 of the 8, so 3 are left."
1kshmee.wav,"Up 3 more, and you're at 3."
v1kmnv.wav,"Last step, always. Does the answer make sense?"
1fe3efr.wav,"Warmer should give a higher number, and 3 is higher than negative 5."
jfc3fh.wav,"So it's 3 degrees Celsius at noon."
1day3ox.wav,"Don't copy the minus sign of the start onto the change."
1ubbken.wav,"Warmer means add. Colder means take away. Negative 5 plus 8 is 3."
je8m0.wav,"Look at that line."
162bh19.wav,"Boxes and loose pens, all jumbled together."
1gzr85m.wav,"Can you add 3 x and 5 to get one number? No."
16g6xpf.wav,"You don't know how many pens are in a box yet."
1c9f7w7.wav,"Put the x parts together and the plain numbers together, but never join an x part to a plain number."
jevd2u.wav,"Slide all the boxes next to each other."
1org8ad.wav,"3 boxes, and 2 more boxes. That's 5 boxes."
i0dy8l.wav,"So 3 x plus 2 x equals 5 x."
1lh1wz8.wav,"Now the loose pens."
tzspj2.wav,"You had 5, and you gave 1 away."
y7dgx.wav,"5 minus 1 equals 4 loose pens left."
ud4zh3.wav,"So that whole long line is just 5 x plus 4."
lqot7w.wav,"Does it really match? Let's check with x equals 2."
1nnb3wl.wav,"The long way gives 6 plus 5 plus 4 minus 1 equals 14."
15q4nvw.wav,"The short way gives 10 plus 4 equals 14. They match."
prwsh0.wav,"Don't join an x part and a plain number."
wajg2n.wav,"3 x plus 5 is not 8 x. It stays 3 x plus 5."
k4ljzk.wav,"Normally you work out the parentheses first."
xy0c7c.wav,"But can x minus 4 become one number? No. You don't know x yet."
1d2wfno.wav,"So we need another way to open them."
1jha83w.wav,"The number outside multiplies every part inside, and its sign comes along."
pfy214.wav,"The 3 has to reach both parts inside."
oiwwyz.wav,"3 times x equals 3 x."
ghuxqx.wav,"And 3 times negative 4 equals negative 12, because each of the 3 tickets gets 4 dollars off."
1htccvu.wav,"So 3 times x minus 4, all together, equals 3 x minus 12."
1aknd3m.wav,"Now watch what a negative outside does."
id0uff.wav,"Try negative 2 times x minus 4, all together."
1obfdr4.wav,"The negative 2 reaches the x first. Negative 2 times x equals negative 2 x."
zh1d4x.wav,"Next, the negative 2 reaches the negative 4."
tvuhpd.wav,"A negative times a negative is positive, so negative 2 times negative 4 equals 8."
1fh5l2u.wav,"So negative 2 times x minus 4, all together, equals negative 2 x plus 8."
1m813l9.wav,"Don't drop the sign on the second part."
auqfuq.wav,"Negative 2 times negative 4 is 8, not negative 8. So it's negative 2 x plus 8."
1e7innu.wav,"Last time you had the parentheses, and you multiplied your way out."
wl6vj8.wav,"This time, go backwards."
1mnub7c.wav,"All you have is 6 x plus 9. What did it look like with parentheses?"
awvovb.wav,"Find the biggest number that divides every part, put it outside, and write what is left inside the parentheses."
164h8fm.wav,"What number goes into both 6 and 9 with nothing left over?"
hpxzk.wav,"2 goes into 6, but not into 9. 3 goes into both."
d004t4.wav,"Nothing bigger works for both, so the 3 goes outside. That's 3 bags."
cwiulc.wav,"Now, what goes in each bag?"
1ij3iic.wav,"6 x divided by 3 equals 2 x, and 9 divided by 3 equals 3."
rrzkkb.wav,"So each bag gets 2 packs and 3 erasers. That's 3 times 2 x plus 3, all together."
9vrpta.wav,"Let's check by multiplying back out."
smaruc.wav,"3 times 2 x equals 6 x, and 3 times 3 equals 9."
12xuob4.wav,"That's 6 x plus 9, exactly where we started."
pj6ckg.wav,"Don't divide only the first part."
ti8zvf.wav,"The 9 gets divided by 3 as well. It's 3 times 2 x plus 3, all together, not 3 times 2 x plus 9."
2c75wl.wav,"Look at what happened to x."
1wacyce.wav,"It got multiplied by 2, and then 3 got added on."
120835d.wav,"Can one step get x on its own? No. It takes two."
rtsnbe.wav,"Undo the adding first, then undo the multiplying, and do the same to both sides each time."
12317vb.wav,"The 3 went on last, so it comes off first."
1s2kaxv.wav,"Take 3 off both sides, and the scale stays level."
1gwriw.wav,"11 minus 3 equals 8, so now 2 x equals 8."
r7fyn8.wav,"Now the 2."
1eg7nsw.wav,"Two bags make 8, so one bag is 8 divided by 2 equals 4."
13pd8lq.wav,"Divide both sides by 2, and x equals 4."
5drvum.wav,"Always check."
uuh3s4.wav,"Put 4 back in for x. 2 times 4 plus 3 equals 8 plus 3 equals 11."
esxvxi.wav,"Both sides match, so each bag holds 4 marbles."
1g4tssn.wav,"Don't divide just the 2 x."
1tlom9r.wav,"The 3 would need dividing too. Take the 3 away first, then divide."
17yj7rx.wav,"Can you just take 2 away from 21?"
k6g7u7.wav,"Not quite. There isn't just one 2 here."
7ecsnc.wav,"Every box has 2 mints, so three 2's are hiding inside that 21."
g0itry.wav,"The parentheses are one group, so divide both sides by the number outside first, then solve what is left."
1ycn17g.wav,"Look. Treat one whole box as one thing."
nk9f5i.wav,"3 equal boxes make 21, so one box is 21 divided by 3 equals 7."
kxwc9v.wav,"That means x plus 2 equals 7."
1spgkuy.wav,"One box is x chocolates and 2 mints, and it comes to 7."
1evnu8h.wav,"Take 2 off both sides. 7 minus 2 equals 5, so x equals 5."
qh9qfv.wav,"Each box holds 5 chocolates."
1wjt38z.wav,"Is there another way? Yes, and it works just as well."
12f06th.wav,"Multiply out first. 3 times x is 3 x, and 3 times 2 is 6."
14so2bn.wav,"So 3 x plus 6 equals 21. Take 6 off both sides, and 3 x equals 15."
8ty3mc.wav,"Then 15 divided by 3 equals 5. Same answer, x equals 5."
18vn7nk.wav,"The 3 multiplies the 2 as well, so it's 3 x plus 6, not 3 x plus 2."
1x122ja.wav,"How many weeks is enough? Try 5."
11e75l5.wav,"2 times 5 plus 3 equals 13, more than 11, so 5 works."
1roayik.wav,"So do 6, and 10, and 100."
azs4e3.wav,"An equation has one answer, but this has too many to list."
tkbw2.wav,"Solve it just like an equation and keep the sign, and the answer is every number on one side of where you end up."
164ol52.wav,"Start the way you would with an equation."
pndvw9.wav,"Take 3 off both sides. 11 minus 3 equals 8, so 2 x plus 3 is greater than 11 becomes 2 x is greater than 8."
1amwb22.wav,"Look, the sign didn't change."
5mhsg4.wav,"Now divide both sides by 2."
15kltdb.wav,"8 divided by 2 equals 4, so x is greater than 4."
1elcay7.wav,"Mark 4 on the number line with an open dot."
lle9q3.wav,"Why open, and not filled in?"
slk18c.wav,"At 4 weeks you have 2 times 4 plus 3 equals 11, and 11 is not more than 11."
3slxac.wav,"So 4 is out, and the arrow runs right from there."
11e0kcq.wav,"Every number past 4 works. That is x is greater than 4."
df92dl.wav,"x is greater than 4 does not mean just 5."
vrj7pr.wav,"5 works, but so does 6, and 50, and every number past 4."
7bf7hv.wav,"Find them on the number line."
1pi57f.wav,"negative 2 sits to the right of negative 5, so negative 2 is the bigger one."
fypv4y.wav,"So is negative 2 is less than negative 5 true? No."
2o8c9r.wav,"The sign has to turn around. negative 2 is greater than negative 5."
1vczvwh.wav,"When you multiply or divide both sides by a negative number, flip the sign around."
wf8gdr.wav,"Now a real one. Solve negative 3 x is less than 12."
19xqcl2.wav,"To get x by itself, divide both sides by negative 3."
1dhzjec.wav,"12 divided by negative 3 equals negative 4."
vyzwm0.wav,"But which way does the sign point?"
p3rvl8.wav,"You divided by a negative, so less than flips to greater than."
6knh2q.wav,"That gives x is greater than negative 4. Mark negative 4 with an open dot, and the arrow runs right."
l4fb5k.wav,"Does it really work? Test two numbers."
6sqkww.wav,"Try 0, which is past negative 4. negative 3 times 0 equals 0, and 0 is less than 12. True."
lpuqqm.wav,"Now try negative 5, on the other side. Negative 3 times negative 5 equals 15, and 15 is not less than 12."
5lz8gu.wav,"So the numbers past negative 4 are the ones that work."
1e3q2b3.wav,"Don't keep the sign when you divide by a negative."
1eldrle.wav,"Negative 3 x is less than 12 gives x is greater than negative 4, not x is less than negative 4."
13cu6xd.wav,"You could guess. Try 3 gigabytes."
xsaepr.wav,"20 plus 3 times 5 equals 35. Too low. Try 4, and that's 40. Still too low."
1homprv.wav,"Guessing works, but it's slow. Is there a way with no guessing? Yes."
1shvzj7.wav,"Use a letter for the number you don't know, write the story as an equation, then solve it."
1qno3yg.wav,"Let g be the number of gigabytes."
1mordn8.wav,"Each one costs 5 dollars, so the data part is 5 grams."
15m8nqm.wav,"Add the 20 for the plan. The whole bill is 20 plus 5 grams equals 45."
jo0lf5.wav,"Now solve it the way you already know."
usoq3f.wav,"Take 20 off both sides. 45 minus 20 equals 25, so 5 grams equals 25."
12a4w0h.wav,"Divide both sides by 5, and g equals 5."
eqrsx5.wav,"Does 5 really fit the story? Check it."
1525z6i.wav,"5 gigabytes cost 5 times 5 equals 25 dollars."
fasb4s.wav,"Add the 20 for the plan, and that's 45 dollars, the bill."
z01xjt.wav,"So 5 gigabytes were used."
ipw81g.wav,"The letter goes with the number paid for each gigabyte."
12sqndy.wav,"That's the 5, not the 20. So it's 20 plus 5 grams, not 5 plus 20 grams."
10gwafi.wav,"The park on the map is 6 centimeters long."
4f6zkr.wav,"So is the real park just 6 centimeters long? No. You could step right over that."
q21w23.wav,"The mapmaker shrank every length by the same amount, so the whole park fits on the page."
dt726i.wav,"Every 1 centimeter on the drawing stands for the same real length, so multiply to get the real length, and divide to go back."
11rb38e.wav,"Look at what the map says. 1 centimeter equals 50 meters."
143sxks.wav,"So every centimeter on this map is 50 meters of real ground."
mw17pw.wav,"What is 2 centimeters, then? 100 meters. And 3 centimeters is 150 meters."
1v4jp8n.wav,"Back to the park. It is 6 centimeters long on the map."
4smymb.wav,"That's 6 pieces, and each piece stands for 50 meters."
1ihahi.wav,"6 times 50 equals 300. So the real park is 300 meters long."
f2pbh1.wav,"Now go the other way, from real life to the map."
2xcnkh.wav,"A real path is 200 meters long. How many 50s fit into 200?"
1o3s3lm.wav,"200 divided by 50 equals 4. So the path is 4 centimeters on the map."
1a9m478.wav,"Don't add the 50 to the 6."
11722tt.wav,"That gives 56 meters, a tiny park. Each of the 6 centimeters is 50 meters, so multiply."
ybc6.wav,"The line straight across, through the center, is the diameter. Here it's 10 centimeters."
cwwzey.wav,"Half of it, from the center out to the edge, is the radius."
en4d2v.wav,"But we want the distance around the outside. Can a ruler bend around a curve? Not really."
xaqe9z.wav,"The distance around a circle is always about three point one four times the distance across it."
11pr2vm.wav,"Watch this. Mark a spot on the wheel, and roll it one whole turn."
zb25mm.wav,"The track it leaves on the ground is exactly the distance around."
2funwk.wav,"Now, how many times does the 10 centimeters width fit along that track?"
ksicns.wav,"3 whole times, and then a small piece is left over."
1tb7v5x.wav,"That's true for every circle, big or small. About three point one four times."
1eiyw99.wav,"So what do we multiply? The distance across, 10 centimeters."
1xxmu9g.wav,"10 times three point one four equals thirty-one point four."
1p9wbjy.wav,"So the wheel rolls thirty-one point four centimeters in one full turn."
1p3ugey.wav,"If you're told the radius, don't put it straight into the rule. double it first."
2f1e0e.wav,"A radius of 5 centimeters is only half the way across. Double it to 10 centimeters, then 10 times three point one four equals thirty-one point four."
8okit1.wav,"For a rectangle, we count the square tiles, or just multiply its sides."
txx4k3.wav,"But how do square tiles cover a round pond?"
1q0cmlt.wav,"They leave little curved gaps all around the edge, so counting them never comes out exact."
15gsr2w.wav,"The area of a circle is three point one four times radius times radius, and it uses the radius, not the distance across."
11qnuya.wav,"So here's a clever trick. Cut the pond into thin slices, like a pizza."
x0jy9x.wav,"Then lay the slices in a row, one point up, the next point down."
vb5iac.wav,"What shape does that start to look like?"
kazdgk.wav,"It's almost a rectangle."
12wkyb4.wav,"The long side is half the way around the pond. That's three point one four times 10, which is thirty-one point four meters."
1xvto4v.wav,"And the short side is the height of one slice. That's the radius, 10 meters."
a05lal.wav,"Now multiply the two sides, like any rectangle. Thirty-one point four times 10 equals 314."
x56qnt.wav,"That's the same as three point one four times 10 times 10."
vh648s.wav,"So the pond covers 314 square meters."
1w30ab9.wav,"The pond is 20 meters across, but don't put the 20 into the rule."
15tffql.wav,"That gives 1,256, four times too big. The rule wants the radius, 10 meters."
shmzgi.wav,"The brace splits the corner into two angles, 35 degrees and one we don't know."
1ix2nfw.wav,"So what is the whole corner worth? We need that before we can find the missing part."
1mb615y.wav,"And a square corner and a straight line are two very different wholes."
1aqehdt.wav,"Two angles that fill a square corner add up to 90 degrees, and two that make a straight line add up to 180 degrees."
yag51o.wav,"Back to the bracket. The brace splits the square corner, with no gap and no overlap."
5hmj3t.wav,"So the two angles together make 90 degrees."
12uifkd.wav,"So what do we do with the 35? We take it away from the whole."
12obvfb.wav,"90 minus 35 equals 55. The other angle is 55 degrees."
1235nxm.wav,"Now picture the same 35 degrees on a straight line instead."
pjsu0o.wav,"Same move, different whole. This time we start from 180."
u22t9b.wav,"180 minus 35 equals 145. That angle would be 145 degrees."
ng71i.wav,"Don't start from 180 for a square corner."
eeru8k.wav,"That gives 145 degrees, bigger than the whole corner. Look at the whole first, then take away."
1dtwfai.wav,"Where two roads cross, you get four angles."
ji4xql.wav,"Do we need a protractor to find the one across from 50 degrees?"
1je1vid.wav,"No. Both roads are straight, and a straight line is 180 degrees. That's all we need."
16pwtvf.wav,"When two straight lines cross, the angles straight across from each other are equal."
9wgazw.wav,"Look at the 50-degree angle and the top angle."
12vpdhk.wav,"They sit side by side on one straight road, so together they make 180 degrees."
1gh63am.wav,"180 minus 50 is 130, so the top angle is 130 degrees."
a1kjjz.wav,"Now the left angle. It sits next to the top angle, on the other road."
147wk0.wav,"Together they make 180 degrees too."
1i3vqv.wav,"180 minus 130 is 50, so the left angle is 50 degrees."
1av44e2.wav,"Wait. That's the same as the angle across from it."
a99w40.wav,"So is there a faster way next time? Yes. Copy each angle straight across."
mygz2f.wav,"Left and right are both 50 degrees."
1nqo6un.wav,"Top and bottom are both 130 degrees."
xbp3v7.wav,"Don't take the angle away from 180. That gives you the angle next door, not the one across."
a7ops.wav,"The angle straight across just copies it, so it's 50 degrees."
152j7a4.wav,"Can any three sticks make a triangle?"
zjc9t1.wav,"Lay the 9 centimeters stick down, and stand the other two up at its ends."
1vqxnrc.wav,"Look. The 3 centimeters and the 4 centimeters sticks can't reach each other."
c6h6mq.wav,"Three sides make a triangle only if the two shorter sides add up to more than the longest side."
3luk5b.wav,"Why not? Lay both short sticks flat on the 9 centimeters one."
1u7l7e7.wav,"3 plus 4 equals 7, so together they only reach 7 centimeters."
1p6ozq6.wav,"7 is less than 9. There's a gap of 2 centimeters, so they can never meet."
g15iq7.wav,"Now swap the 9 centimeters stick for a 5 centimeters one."
10yx5kl.wav,"3 plus 4 is still 7, and 7 is more than 5."
9f0gjd.wav,"So they reach past each other, and lift up into a point."
rm3sol.wav,"What if they add up to exactly the longest? Try 3 centimeters, 4 centimeters and 7 centimeters."
1ptpcpg.wav,"3 plus 4 equals 7. The sticks meet, but only lying flat on the 7 centimeters one."
1xt3t98.wav,"Flat is not a triangle, so the answer is no."
14t13kr.wav,"Don't add the longest side to a short one. 9 plus 3 is more than 4, but that tells you nothing."
avm557.wav,"Add the two shorter sides, and check them against the longest."
1qvbfbh.wav,"Paint only covers the outside of the wedge."
1goavx2.wav,"So is it the space inside that we need? No, just the flat faces the brush touches."
7mjf5v.wav,"How many faces are there?"
8a89qm.wav,"Unfold the shape flat, find the area of every face, both ends and every side, and add them all up."
1d3uj05.wav,"Let's do it. Cut along a few edges, and lay the wedge out flat."
kwcuqw.wav,"What do we get? 2 triangle ends, and 3 rectangle sides."
1vny1ub.wav,"Now the area of each face, one at a time."
19v0god.wav,"Each triangle end is one half times 4 times 3, which is 6."
dmh25x.wav,"Then the sides. 3 times 10 equals 30, 4 times 10 equals 40, and 5 times 10 equals 50."
yi8xbv.wav,"Count them again. 2 ends and 3 sides, so 5 faces to add."
w3wnn6.wav,"6 plus 6 plus 30 plus 40 plus 50 equals 132."
gkouy4.wav,"So the paint covers 132 square centimeters."
1ouvi6b.wav,"Don't count just one end. The wedge has a triangle at both ends."
z9varp.wav,"So the 6 goes in twice, and the total is 132, not 126."
y1bzib.wav,"You could fill the box with cubes and count them one by one."
18anyjt.wav,"But most of them end up hidden inside. How do you count what you can't see?"
11b2hsy.wav,"Count one layer, then count the layers."
1txwaqg.wav,"Find the area of the base, then multiply it by the height."
ikg6hh.wav,"Start at the bottom. The base is 5 centimeters by 3 centimeters."
194dmbf.wav,"How many cubes cover it? 5 times 3 equals 15."
65evrm.wav,"So 15 cubes make one layer."
1295fze.wav,"Now stack them. The box is 4 centimeters tall, so there are 4 layers."
1cme1df.wav,"Each layer has 15, so count by 15. 15, 30, 45, 60."
xp60zy.wav,"15 times 4 equals 60, so 60 cubes fill the box."
qd6z70.wav,"Does this work when the base is a triangle? Yes."
19ay58g.wav,"Take a wedge 10 centimeters long. Its triangle is 4 centimeters along the bottom and 3 centimeters tall."
75lhq5.wav,"The triangle is one half times 4 times 3, which is 6. Then 6 times 10 equals 60 cubic centimeters."
7ruwsu.wav,"Don't multiply all three edges of a wedge. 4 times 3 times 10 gives 120, which is too big."
1xhw7it.wav,"The triangle is only half a rectangle. Find its area first, 6, then 6 times 10 equals 60."
1vsnfr2.wav,"The basketball team has 20 kids, and they're easy to find."
1h3yyab.wav,"Look. 16 of the 20 pick basketball."
lac4tk.wav,"Does that sound like the whole school? No. We only asked one kind of kid."
1uoixrv.wav,"A fair sample gives everyone in the group the same chance to be picked."
1b0zt4s.wav,"Here is a better way. Put all 400 names in a hat."
sur9tp.wav,"Pull out 20 without looking."
1um6bhw.wav,"Now every student has the same chance. Nobody is left out."
1umqo34.wav,"So how did the hat do? 7 of the 20 names picked soccer."
1jypdh7.wav,"That's 35 out of every 100."
1p5q4jl.wav,"In the whole school, 140 of 400 picked soccer. Also 35 out of every 100."
uq8vuk.wav,"The small group is a little copy of the big one."
tc60ml.wav,"So ask this every time. Could anyone never be picked?"
94dry6.wav,"Ask the team, and every kid who is not on the team is left out. That's 380 kids."
r5mgao.wav,"Draw from the hat, and nobody is left out."
14vrsa7.wav,"Don't call a sample fair just because it's big."
rdyxd6.wav,"100 fans at a basketball game is a lot, but they still pick basketball."
m3opso.wav,"Ask who is left out, not how many you asked."
f7pckf.wav,"12 of the kids you asked like pizza best."
1n1aj6u.wav,"So do just 12 kids in the whole school like pizza? No."
1223pnn.wav,"You asked only 40 of the 600. Lots of pizza fans never got asked."
r1rv7y.wav,"A fair sample is a small copy of the whole group, so the same fraction works for both."
1r224l3.wav,"Start with the kids you asked. 12 out of 40 like pizza."
147w77m.wav,"Divide both by 4. 12 out of 40 is the same as 3 out of 10."
1yl77mm.wav,"So about 3 out of every 10 kids pick pizza."
1dpmct2.wav,"Now the whole school. Does it need a new fraction? No. Same tape, just bigger."
1hudz36.wav,"Split the 600 students into those same 10 equal parts."
1v532b.wav,"600 divided by 10 equals 60, so each part is 60 kids."
1gc5tfa.wav,"3 of those 10 parts are the pizza parts."
26mmzv.wav,"So count them up. 3 times 60 equals 180."
m669hi.wav,"Predict that about 180 of the 600 students pick pizza."
13cs8md.wav,"Don't stop at the 12 from the sample."
10qzca7.wav,"12 is out of the 40 you asked. Scale it up to 600, and you get 180."
yfu8h4.wav,"Careful. Class A has a plant that is only 5 inches."
ri7mlf.wav,"Class B has one that is 7."
if92j5.wav,"So is Class B taller? No. Pick two other plants, and A wins."
csuft7.wav,"We need one number for a whole class."
1wy8gkg.wav,"To compare two groups, find the gap between their means, then check it against the spread."
lg5qld.wav,"Add up Class A. 5 plus 6 plus 6 plus 7 plus 7 plus 7 plus 8 plus 8 plus 9 equals 63."
1t8up1a.wav,"Class B adds up to 45."
s02ry9.wav,"Each class has 9 plants, so divide each total by 9."
ivytrm.wav,"63 divided by 9 equals 7, and 45 divided by 9 equals 5."
2kas76.wav,"So Class A's plants are 7 inches on average. Class B's are 5."
15igw49.wav,"How far apart is that? 7 minus 5 equals 2."
1o76lg0.wav,"On average, Class A's plants are 2 inches taller."
18lkd75.wav,"Is a gap of 2 a lot? That depends on the spread."
fo4fha.wav,"Class A runs from 5 to 9. Class B runs from 3 to 7."
t70hx5.wav,"That's a spread of 4 in each class."
1hnztz.wav,"The gap is only half of that, so the plots overlap a lot."
r2fegd.wav,"Class A is a bit taller, not a lot."
n30p0y.wav,"Don't compare just the tallest plants."
s8vlci.wav,"9 beats 7, but one plant is not the class."
4gy1u6.wav,"Find the means first, then check the spread."
ejtu40.wav,"There are four colors here. So is the chance of blue 1 out of 4?"
2bscm8.wav,"Blue covers 4 parts. Yellow covers only 1."
113t9ex.wav,"The colors are not the same size, so count the parts, not the colors."
1q9na6d.wav,"The chance of something is the ways it can happen over all the equal ways, a number from 0 to 1."
sb0ujb.wav,"Count the blue parts with me. 1, 2, 3, 4."
1plvjz8.wav,"Now count every part. There are 10, all the same size."
nb8u36.wav,"So blue is 4 ways out of 10 equal ways. That's four tenths."
ssc6hn.wav,"four tenths is four tenths."
1p5xp94.wav,"How do we write four tenths as a decimal? A 4 in the tenths place, zero point four."
1o1cjfo.wav,"Four tenths and zero point four are the same chance, just written two ways."
8a6o5e.wav,"What about not blue? That's the other 6 parts."
kbsrly.wav,"6 out of 10 is six tenths, or zero point six."
1ls8pe0.wav,"Add them, and zero point four plus zero point six equals 1, because the spinner always lands somewhere."
gttcv8.wav,"And purple? There is no purple, so its chance is 0."
1505kua.wav,"Don't put the blue parts over the parts that are not blue. That gives four sixths."
ximj9.wav,"Blue goes over all 10 parts, so it's four tenths, or zero point four."
15s8bwq.wav,"One kid guessed 40 heads. Another guessed 10."
1epw6ha.wav,"Which guess is right? A guess could be anything at all."
du5o6c.wav,"What we want is a number that comes from the coin itself."
cnpbxt.wav,"The number you expect is the chance times the number of tries, and real results land near it, not always on it."
1ge1l0b.wav,"On each flip, heads has a chance of one half."
8xwuw.wav,"Multiply that chance by the 50 tries. one half times 50 equals 25."
1kbpqv1.wav,"So we expect 25 heads, and 25 tails."
1lguzpw.wav,"Here is what the class really got. 27 heads, and 23 tails."
zqb52l.wav,"Is 27 close to 25? Yes, just 2 more."
1t7wpsk.wav,"Every flip starts fresh, so real results wander a little."
13q0xr9.wav,"Another class flipped 500 times and got 246 heads."
1cv7jem.wav,"27 out of 50 is zero point five four. 246 out of 500 is zero point four nine two."
10z52qq.wav,"Which one is closer to one half, zero point five? The 500 flips."
tzc8am.wav,"The more tries you take, the closer you get to the chance."
hrulva.wav,"The real count does not have to equal the expected count."
1o9jv4v.wav,"27 heads is not a mistake, and the coin is not broken. Close to 25 is just what real results do."
1me9m41.wav,"Heads is one half. A 5 is one sixth. So do we just add them?"
x1l1c2.wav,"one half plus one sixth equals four sixths. That's bigger than either chance on its own."
wm0vjs.wav,"But getting both at once should be harder than getting one, not easier."
pqokrb.wav,"To find the chance of two things together, list every pair in a table and count the pairs you want over all the pairs."
8f062k.wav,"Let's build the table. The rows are the coin, heads or tails."
b9zkf1.wav,"The columns are the cube, 1 through 6."
15ktkox.wav,"Every box is one way the two can land together. Heads 1, heads 2, all the way to tails 6."
yo0bdy.wav,"How many boxes are there?"
t8p4e.wav,"2 rows times 6 columns equals 12."
1rp4bni.wav,"So there are 12 pairs, each one just as likely."
1mq9pau.wav,"Now find the one we wanted, heads and a 5."
1wcq6qc.wav,"It's a single box, heads 5, in the heads row."
3uxezo.wav,"One box out of 12, so the chance is one twelfth."
9nsqvw.wav,"That's smaller than one half, and smaller than one sixth, just as it should be."
1d917oa.wav,"Don't add the two chances together."
yxwwsm.wav,"Make the table, then count the pairs you want over all the pairs."
hmqr1l.wav,"You could work it all out. 2 cubed is 8, 2 squared is 4, and 8 times 4 equals 32."
1jsga04.wav,"Then you hunt for the exponent that makes 32."
d2zekj.wav,"But what about 2 to the tenth times 2 to the fifteenth? You would be counting all day."
1kfbxq.wav,"When you multiply two numbers with the same base, keep the base and add the exponents."
1ezf2qi.wav,"What does 2 cubed really mean? Three twos, multiplied together."
qa0m1u.wav,"And 2 squared is two more twos."
1joqbkg.wav,"Line them all up in one long row."
1nopvrk.wav,"Now count them. 3 twos, then 2 more."
15w0s1k.wav,"That makes 5 twos in one row."
ugthis.wav,"So 2 cubed times 2 squared equals 2 to the fifth. The 3 and the 2 added up to 5."
sk434h.wav,"Does it check out? 2 to the fifth is 32, the same 32 as before."
14wmt9o.wav,"And any base works. 5 to the fourth times 5 cubed equals 5 to the seventh, because 4 plus 3 equals 7."
1ta0a6v.wav,"Don't multiply the exponents. 2 cubed times 2 squared is not 2 to the sixth."
ije3j2.wav,"Count the twos instead, 3 and 2 more make 5, so it's 2 to the fifth."
1ak5s11.wav,"Could you just divide the exponents, 5 divided by 3?"
bupmp3.wav,"No. 5 divided by 3 is not even a whole number, so that can't be it."
1k0z9u.wav,"You could work out 32 divided by 8. But that's no help for 2 to the twentieth divided by 2 to the seventeenth."
2weyoy.wav,"When you divide powers with the same base, keep the base and subtract the exponents, top minus bottom."
1frwgma.wav,"Let's write the division as a fraction."
t88j7m.wav,"What's on top? Five twos, multiplied."
1cp7ecm.wav,"And on the bottom, three twos."
1yqm3c5.wav,"Now pair them off. A 2 on top and a 2 on the bottom make 2 divided by 2, which is 1."
18b8kch.wav,"Three pairs cancel, and two twos are left on top."
10thdxf.wav,"That's 5 minus 3 equals 2, so 2 to the fifth divided by 2 cubed equals 2 squared."
13vundb.wav,"Check it. 2 squared is 4, and 32 divided by 8 is 4 too. So there are 4 teams."
1lxv2ry.wav,"Any base works the same way. 7 to the sixth divided by 7 squared equals 7 to the fourth, because 6 minus 2 equals 4."
1vvhh3s.wav,"Don't divide the exponents. 2 to the sixth divided by 2 cubed is not 2 squared."
1o0vnuu.wav,"Subtract them instead. 6 minus 3 equals 3, so it's 2 cubed."
1xtze2h.wav,"You see a 3 and a 2. Should you add them and get 2 to the fifth?"
ytg1qt.wav,"Look at what the outside 2 asks for. Two copies of 2 cubed, multiplied, 2 cubed times 2 cubed."
og6myn.wav,"Count those twos, and there are more than five."
wqbei2.wav,"When you raise a power to another exponent, keep the base and multiply the exponents."
17uxgy8.wav,"What is the outside 2 counting? Copies."
1wtvyfh.wav,"It says write 2 cubed down two times, and multiply them."
ximojh.wav,"So 2 cubed, all squared, equals 2 cubed times 2 cubed."
1lrx4i1.wav,"Now count every 2. Each copy has 3 twos, and there are 2 copies."
nd5mkr.wav,"3 twos, 2 times over, is 3 times 2 equals 6 twos."
hh200a.wav,"So 2 cubed, all squared, equals 2 to the sixth."
fnto51.wav,"Try a bigger one. 5 to the fourth, all cubed, is three copies of 5 to the fourth."
1dseb28.wav,"That's 4 plus 4 plus 4 fives, which is 4 times 3 equals 12."
1wcg15p.wav,"So 5 to the fourth, all cubed, equals 5 to the twelfth."
1wb5dzz.wav,"Don't add the exponents here. 2 cubed, all squared, is not 2 to the fifth."
1m2k709.wav,"The outside 2 counts copies, so multiply. 3 times 2 equals 6, and it's 2 to the sixth."
1e8jqd9.wav,"What would 2 to the zero mean? Zero twos, multiplied together?"
2hw8j9.wav,"And 2 to the negative 1 would be a negative number of twos. You can't count that."
1mxn3t6.wav,"So counting won't help here. We need another way to look at it."
1mjifbj.wav,"Each time the exponent goes down by 1, divide by the base, even past zero."
1imgrmq.wav,"Read the row with me, left to right."
ubhjt1.wav,"Each time the exponent drops by 1, what happens? The value is divided by 2."
1qrbaqk.wav,"8 divided by 2 equals 4, and 4 divided by 2 equals 2."
1tk3zk1.wav,"Now keep the pattern going, one more step down from 2 to the first."
nosk6w.wav,"2 divided by 2 equals 1, so 2 to the zero equals 1."
12ax9a6.wav,"Any other base does the same. 5 to the zero is 1 too."
oqaze.wav,"One more step down. 1 divided by 2 equals one half, so 2 to the negative 1 equals one half."
1t26ust.wav,"One more again, and 2 to the negative 2 equals one fourth."
1kgsw3i.wav,"So 2 to the negative 2 is 1 divided by 2 squared, which is one fourth."
1re36c6.wav,"A negative exponent does not make a negative answer."
105e9d4.wav,"2 to the negative 2 is one fourth, a small number above 0. It is not negative 4."
q1zbhv.wav,"Quick, which is bigger, 150,000,000 or 15,000,000?"
zexq7h.wav,"You had to count the zeros, didn't you?"
109ngnh.wav,"Drop just one zero, and the number is 10 times too small."
16jsfyo.wav,"Write a big number as a number from 1 up to 10 times a power of 10, where the exponent counts the places the point moved."
abh2sz.wav,"First, make a number from 1 up to 10."
q84rhv.wav,"Where does the point go? Right after the first digit."
w5bh7d.wav,"So 150,000,000 becomes 1 point 5."
1as3x0i.wav,"Now count the jumps from the new point to the end."
kveg3e.wav,"1, 2, 3, 4, 5, 6, 7, 8. That's 8 places, and each jump is times 10."
wgsozk.wav,"So 150,000,000 equals 1 point 5 times 10 to the eighth."
q436dp.wav,"Try a smaller one, 4,200."
13eqzw.wav,"The point goes after the 4, to make 4 point 2."
19wkzvy.wav,"Then it jumps 3 places to the end, so 4,200 equals 4 point 2 times 10 cubed."
f32aef.wav,"Don't count all the digits. 150,000,000 has 9 digits, but it is not 1 point 5 times 10 to the ninth."
1x5padq.wav,"Count only the digits after the first one. That's 8, so it's 1 point 5 times 10 to the eighth."
34mred.wav,"Last time, big numbers got a positive exponent."
1uxlppz.wav,"So could this be five point two times 10 to the fourth?"
1w91crw.wav,"No. That is 52 thousand, and this grain is smaller than 1."
1sv6h6f.wav,"The exponent has to do something new."
ymlzev.wav,"For a number smaller than 1, the point moves right to make a number from 1 up to 10, and the exponent is the number of jumps, made negative."
tewohq.wav,"Start at zero point zero zero zero five two, and move the point to the right."
3x0yhj.wav,"Stop just after the 5, the first digit that is not a zero. Now it reads five point two."
5d6i1z.wav,"How many jumps was that? Count them. 1, 2, 3, 4."
15n3a9a.wav,"Now go back the other way."
1y66mmq.wav,"From five point two, divide by 10 four times, and you are back at zero point zero zero zero five two."
1wy4dtp.wav,"Each divide by 10 is the same as times 10 to the negative 1, so four of them make times 10 to the negative 4."
1u124v7.wav,"So zero point zero zero zero five two equals five point two times 10 to the negative 4."
1icsdb8.wav,"Here is a shorter one. Zero point zero three."
6m36y9.wav,"The point jumps 2 places right to make 3."
13m9mvj.wav,"So zero point zero three equals 3 times 10 to the negative 2."
k3jqzv.wav,"Don't count only the zeros after the point."
dhvtyn.wav,"Zero point zero zero zero five two has 3 of them, but the point jumps 4 places to land past the 5."
11parbz.wav,"You could write these out the long way, 30 thousand times 2 thousand, and count the zeros."
z9wvx7.wav,"That works for small ones."
tl89v1.wav,"But what about 3 times 10 to the twenty-first? That is 21 zeros to write before you even start."
yvlnal.wav,"Multiply the front numbers and add the exponents of 10, and if the front number comes out 10 or more, move its point one place and add 1 to the exponent."
6np8za.wav,"When you multiply, the order does not matter."
1psru0w.wav,"So put the front numbers together, and the powers of 10 together."
1esg1qh.wav,"Then 3 times 2 equals 6."
12ss912.wav,"Now the powers of 10."
11jgshb.wav,"They have the same base, so add the exponents, 4 plus 3 equals 7."
10oaup7.wav,"That makes 10 to the seventh. So the warehouse holds 6 times 10 to the seventh screws."
xnjk4t.wav,"Now try 4 times 10 to the fifth, times 5 times 10 squared."
iw2rmy.wav,"4 times 5 equals 20, and 10 to the fifth times 10 squared equals 10 to the seventh."
1pqlqho.wav,"But is 20 under 10? No, so we are not done."
q4lsa3.wav,"20 is 2 times 10 to the first, so that extra 10 joins the others, and the answer is 2 times 10 to the eighth."
t5r6k9.wav,"Don't stop at 20 times 10 to the seventh."
97iw5d.wav,"It has the right value, but the front number has to be under 10. Write it as 2 times 10 to the eighth."
1citcez.wav,"Dividing feels like the obvious move. Half of 25 is twelve and a half."
77yy1k.wav,"But could the patio be twelve and a half tiles long?"
uls84x.wav,"No. Twelve and a half rows of twelve and a half tiles is far more than 25."
901znb.wav,"What we need is a number that multiplies with itself."
1kdsgg6.wav,"To undo squaring, find the number that times itself makes it, and to undo cubing, find the number that, used three times, makes it."
up5j72.wav,"Start with the patio. It is a square, so side times side makes 25."
ecy7oq.wav,"5 times 5 equals 25, so the side is 5 tiles."
1nc9h64.wav,"We write that as the square root of 25 equals 5."
1lvixwd.wav,"Now the box. It is a cube, so side times side times side makes 27."
3xtimv.wav,"3 times 3 times 3 equals 27, so the side is 3 cubes."
qg0puk.wav,"This one gets a small 3 on the sign. The cube root of 27 equals 3."
1maaktm.wav,"Is there a faster way? Yes. Know your squares and cubes by heart."
zs1jaz.wav,"16 is 4 times 4, so the square root of 16 equals 4."
825478.wav,"And 64 is 4 times 4 times 4, so the cube root of 64 equals 4."
15zpa00.wav,"Don't divide by 2 to find the square root of 36."
jep58t.wav,"36 divided by 2 is 18, and 18 times 18 is far more than 36. 6 times 6 equals 36, so the square root of 36 equals 6."
1fv63jh.wav,"Try whole numbers first. 4 times 4 equals 16, and that is too small."
1cgyeuq.wav,"5 times 5 equals 25, and that is too big."
1u7d5l2.wav,"So which whole number times itself makes 20? None of them. We have to close in on it."
6b3yp.wav,"Find the perfect squares just below and just above the number, and the square root sits between their roots, nearer the closer square."
ain2o9.wav,"Which perfect squares sit on each side of 20? They are 16 and 25."
kwd0tl.wav,"So the square root of 20 is between the square root of 16, which is 4, and the square root of 25, which is 5."
19hplxt.wav,"Now measure the two gaps. 20 is 4 away from 16, but 5 away from 25."
wt2edb.wav,"It is closer to 16, so the square root of 20 is closer to 4."
1bpiyi1.wav,"Let's check. Halfway between 4 and 5 is four and a half."
z56d4x.wav,"Four and a half times four and a half is twenty and a quarter, a little more than 20."
6yqwme.wav,"So the square root of 20 is just under four and a half, nearer to 4."
6vytrb.wav,"Don't halve the number."
j9ogsx.wav,"the square root of 20 is not 10, because 10 times 10 equals 100. Look for the perfect squares around 20 instead."
7uzj3m.wav,"So how steep is it? You could say quite steep."
f2rrmd.wav,"But nobody can build a ramp from quite steep. We need a number."
9ifrz2.wav,"And the line goes on forever, so its height can't tell us."
15hkav1.wav,"Go across from one point and up to the next, then divide how far up you went, the rise, by how far across, the run."
76joag.wav,"Start at the point 1, 1."
1uyamz5.wav,"Walk right until you are straight under the point 3, 4."
218zb0.wav,"How far did you walk? 2 across. That is the run."
105lq36.wav,"Now climb straight up to the point 3, 4."
15xfnlf.wav,"You went 3 up. That is the rise."
16da90c.wav,"Now divide, with the rise on top. 3 divided by 2 is three halves."
1b7csk8.wav,"Does every stair agree? Take the next one, 2 across and 3 up again."
wf7d9y.wav,"So the line is three halves steep everywhere. For every 2 across, it climbs 3."
8yrt7q.wav,"Don't turn it upside down. 2 divided by 3 is two thirds, a gentler ramp than this one."
1med93b.wav,"Up goes on top. Rise divided by run, so 3 divided by 2."
e0xn57.wav,"Last time you counted squares, across and then up."
1tam65w.wav,"Here there is no grid at all. So what do you count?"
pp234u.wav,"Nothing. But the numbers already say how far apart the points are."
12g6cko.wav,"Subtract the two y-values, then the two x-values in the same order, and divide the first answer by the second."
1hrdh30.wav,"The two y-values are 3 and 11."
12aw1gx.wav,"Start with Point 2. 11 minus 3 equals 8."
qg7875.wav,"The points are 8 apart going up. That is the rise."
q5pn7g.wav,"Now the x-values, 2 and 6."
vmsb3q.wav,"Point 2 first again. 6 minus 2 equals 4."
18238yh.wav,"Same order, top and bottom. That 4 is the run."
gmbh7j.wav,"Now divide the rise by the run. 8 divided by 4 equals 2."
unaiaf.wav,"So the path climbs 2 for every 1 across."
oyxauy.wav,"If the y-values went down instead, the top would come out negative, and so would the answer. That line goes downhill."
gmg96i.wav,"Don't flip the order halfway. 11 minus 3 on top, then 2 minus 6 on the bottom, gives negative 2."
11kw74c.wav,"That says downhill, but this path climbs. Point 2 first on top means Point 2 first on the bottom."
xa0lxp.wav,"The equation has two numbers, 2 and 1, side by side."
dyzhve.wav,"On the graph they do two different jobs. Which is which?"
1w2ttbq.wav,"Let's find each one on the line."
px5x24.wav,"In y equals m x plus b, the number in front of x is the slope, and the plain number b is where the line crosses the y-axis."
u62peu.wav,"Try x equals 0. That is the moment you get in, before any miles."
35djpz.wav,"2 times 0 is 0, so you are left with 1."
4t0yaa.wav,"So the line crosses the y-axis at the point 0, 1. That is the 1 dollar to get in."
1qc8znp.wav,"Now step along the line. What happens for each 1 across?"
818jum.wav,"It climbs 2. From the point 0, 1 to the point 1, 3, then to the point 2, 5."
ocw4zp.wav,"So the slope is 2, the 2 dollars for each mile."
19ggi61.wav,"Now you can read any equation this way."
1737i0f.wav,"y equals 3 x plus 4 climbs 3 each step and crosses at 4."
kti36w.wav,"And y equals x plus 5? A lone x means 1 x, so it climbs 1 and crosses at 5."
1adyxzg.wav,"Don't swap the two jobs. In y equals 2 x plus 1 the line does not cross at 2."
16gvrvo.wav,"The number stuck to x is the slope, 2. The plain number is the crossing, 1."
myvcge.wav,"You could work out y for x equals 0, then 1, then 2, and keep going."
1h6kw6k.wav,"That works, but it's slow. Is there a faster way? Yes."
24cyb3.wav,"The equation already tells you where to start, and how to step."
itmsc0.wav,"Put the first dot at b on the y-axis, then step by the slope again and again, across the bottom number and up the top number."
1vr4xqp.wav,"In y equals 2 x plus 3, the plain number is 3."
u8pma5.wav,"So the first dot goes at the point 0, 3, right on the y-axis."
k6vdhc.wav,"That is the plant before any weeks have passed, 3 centimeters tall."
sq2lkr.wav,"The slope is 2. That means 2 up for every 1 across."
1llc63h.wav,"So from the point 0, 3, go 1 across and 2 up. You land on the point 1, 5."
1noqh8x.wav,"Step again the same way. Now you are at the point 2, 7."
j2wdx7.wav,"Now draw one straight line through the dots."
11q0nx0.wav,"Is the point 2, 7 really on it? Put x equals 2 into the equation."
1virqdl.wav,"2 times 2 plus 3 equals 7. Yes, it matches."
1ddseyh.wav,"Don't start at the slope. The point 0, 2 is not where y equals 2 x plus 3 begins."
1b8w7s0.wav,"The first dot goes at the plain number, the point 0, 3. The 2 is only for stepping."
1eemj4h.wav,"Before, x was only ever on one side."
17e1s73.wav,"Now there are bags on both sides. Which bags do you undo first?"
xw54ma.wav,"Taking off loose marbles won't help yet. The bags are still on both sides."
1whjlmy.wav,"Take the smaller x part off both sides, so x is on one side only, and then solve what is left."
1vbubnk.wav,"The right side has fewer bags, 3. So take 3 x off both sides."
17xeabp.wav,"Same off each side, so the scale stays level."
6vr1vi.wav,"5 bags take away 3 bags leaves 2 bags. Now it reads 2 x plus 2 equals 10."
1h5elqx.wav,"Now it looks like the ones you know."
1r14f4g.wav,"Take the 2 loose marbles off both sides. 2 x equals 8."
1kko48c.wav,"Split 8 between the 2 bags. One bag holds 4 marbles, so x equals 4."
1c554z6.wav,"Does 4 really work? Put 4 in for x on both sides."
19w8qbt.wav,"Left, 5 times 4 plus 2 equals 22. Right, 3 times 4 plus 10 equals 22."
o4alf3.wav,"Both 22. The scale balances, so x equals 4 is right."
kypefz.wav,"Don't add 5 x and 3 x across the equals sign. That makes 8 x, and the scale tips."
1hxz8se.wav,"Take 3 x off both sides instead. 5 x plus 2 equals 3 x plus 10 becomes 2 x plus 2 equals 10."
pjpch5.wav,"Try some hours. At 1 hour it is 5 dollars and 7 dollars."
p03xj8.wav,"At 10 hours it is 23 dollars and 25 dollars."
kigixe.wav,"Shop B is always 2 dollars more. So will they ever cost the same?"
7lqd5e.wav,"Take the x parts off both sides, then read what is left, an x means one answer, something never true means none, and something always true means every number works."
178y4ow.wav,"Take 2 x off both sides and watch."
a5nioq.wav,"Every x is gone, and what is left is 3 equals 5."
1nokpcb.wav,"Is 3 ever equal to 5? Never, for any number of hours."
bbuljq.wav,"So there is no answer. The two prices never meet."
11f67o9.wav,"Now try 2 times x plus 3, all together, equals 2 x plus 6."
yrgdf2.wav,"Multiply out the parentheses. The left side becomes 2 x plus 6 too."
u8f2ad.wav,"Take 2 x off both sides, and you get 6 equals 6."
6ojlct.wav,"Is that ever false? No. So every number works."
1weyqt2.wav,"Now the usual kind, 3 x plus 1 equals 2 x plus 5."
lerf5w.wav,"Take 2 x off both sides. This time an x is still there, x plus 1 equals 5."
1j83ptf.wav,"Take 1 off both sides, and x equals 4."
17enb0h.wav,"The x stayed, so exactly one number fits."
hfifqx.wav,"When the x parts vanish and leave 6 equals 6, that does not mean x equals 0."
ifuu2d.wav,"It is always true, so every number works."
hrp74f.wav,"You could list each walker, minute by minute, and keep comparing."
1i3kfck.wav,"But what you really want is one x and one y that fit both rules. Where do you find that?"
b1v8n6.wav,"The point where two lines cross sits on both lines, so its x and y make both equations true at once."
5ku9az.wav,"Follow the two lines with your finger until they meet."
7gysjy.wav,"Then look straight down from that point."
1gtcwg3.wav,"It sits right above x equals 2."
x1nd12.wav,"Now look straight across to the side."
f841xt.wav,"The crossing is at y equals 4. So the point is 2, 4."
1xhzim5.wav,"After 2 minutes, both walkers are 4 blocks from home."
1h4fgb7.wav,"Does the point 2, 4 really fit both rules? Check each one."
1ml6ktq.wav,"For Ana, 2 plus 2 equals 4. For Ben, negative 2 plus 6 equals 4."
16o9hk5.wav,"Both give 4, so the point fits both at once."
16ifxdw.wav,"A point on just one line is not enough. The point 1, 3 is on Ana's line."
2hrgrk.wav,"But Ben's rule gives 5 there, not 3. Only the crossing fits both."
1jhac9f.wav,"Look at clue 2 on its own, x plus y equals 12."
15tim5j.wav,"Lots of pairs fit it, 1 and 11, 5 and 7, 6 and 6."
1g91y5h.wav,"So which pair is it? One clue alone can't tell you."
dmcbzh.wav,"When one equation tells you what y equals, write that in place of y in the other one, so only x is left to solve."
13i1z5n.wav,"Clue 1 says y is the same as 2 x."
1a63vq2.wav,"So wherever you see y, you can write 2 x instead."
ntcwde.wav,"Clue 2 becomes x plus 2 x equals 12, with only one letter left."
h9jt6d.wav,"An x plus 2 more x makes 3 x."
r8qj9x.wav,"So 3 x equals 12. What times 3 gives 12?"
4l8jbv.wav,"It is 4. So x equals 4."
ot7e51.wav,"You are not done yet. You still need y."
yyyamz.wav,"Clue 1 says y equals 2 x, so y equals 2 times 4, which is 8."
xxal61.wav,"Check it in clue 2. 4 plus 8 equals 12, so both clues work."
wizswf.wav,"The 2 x goes where the y was. Do not put it where the x was."
1u4igyw.wav,"So x plus y equals 12 becomes x plus 2 x equals 12, never 2 x plus y equals 12."
rutt0k.wav,"You don't know the adult tickets, and you don't know the kid tickets."
c971ok.wav,"You could guess pairs that make 10 and check each cost. That works, but it is slow."
10zqdv7.wav,"Give each unknown its own letter, write one equation for each fact in the story, and solve them together."
1kj1cvg.wav,"Let a be the adult tickets, and k the kid tickets."
1k53cqs.wav,"Fact one, 10 tickets in all. a plus k equals 10."
1jdw2bk.wav,"Fact two, 32 dollars in all. 5 a plus 2 k equals 32."
drlzz0.wav,"Start with the easier one. If a plus k equals 10, then k equals 10 minus a."
11wrw6i.wav,"Put 10 minus a in place of k in the money equation."
16427ir.wav,"That gives 5 a plus 2 times 10 minus a, all together, equals 32. That is 5 a plus 20 minus 2 a equals 32."
1qj5s9y.wav,"Tidy it up, 3 a plus 20 equals 32. Take 20 off both sides, and 3 a equals 12."
15rtf57.wav,"So a equals 4. That is 4 adult tickets and 6 kid tickets."
gglfel.wav,"Check the money, 20 dollars plus 12 dollars equals 32 dollars. It fits."
l893or.wav,"Don't mix tickets and dollars in one equation."
1kj69lq.wav,"a plus k counts tickets, so it equals 10, not 32. The dollars get their own equation."
j7huxd.wav,"Look at this table."
18kb0oz.wav,"You might hunt for a pattern, like outputs that go up."
ocris4.wav,"There isn't one. 5, 2, 9, 2."
l9eki4.wav,"So is this table broken? No. The real question is much simpler than a pattern."
7q2j8k.wav,"A function gives each input exactly one output, so one input with two different outputs breaks it."
1vx0lv.wav,"Walk the inputs one at a time."
up5kva.wav,"Input 1 gives 3. Input 2 gives 5."
1y2gg0v.wav,"Input 3 gives 7, and input 4 gives 9."
1p69h5c.wav,"Every input shows up once, with one output. So this table is a function."
1wmo5pu.wav,"Now watch this one."
1clz5om.wav,"Input 2 shows up twice."
d08ip0.wav,"Once it gives 6, and once it gives 8."
7y60t4.wav,"That is button A giving chips today and a cookie tomorrow. Not a function."
161mp14.wav,"Here is one that looks strange. Every input gives 5."
dsshde.wav,"Is that allowed? Yes. Two buttons can give you the same snack."
fqrth6.wav,"Each input still has just one output, so this is a function."
16vgjk6.wav,"Don't call it not a function just because an output repeats."
1mtme3v.wav,"Only one input with two different outputs breaks the rule."
kjili2.wav,"You drop in 4. Can you just look and know what comes out?"
1du60m8.wav,"No. The machine does not guess, and neither can you."
488vwh.wav,"You have to follow its rule, step by step, in the right order."
siur8h.wav,"Put the input into the rule, then multiply before you add or subtract, and that gives the output."
ya06kf.wav,"Our input is 4."
vjfnjw.wav,"So wherever the rule says input, we write a 4 instead."
gasomg.wav,"That gives us 3 times 4 minus 2."
25q0e5.wav,"Which comes first, the times or the minus?"
zo5x53.wav,"Multiply first. 3 times 4 equals 12."
j6ilwj.wav,"Then take away the 2. 12 minus 2 equals 10."
p4s3q6.wav,"So when 4 goes in, 10 comes out."
1fbs79o.wav,"People write this same rule a shorter way."
lygick.wav,"It looks like f of x equals 3 x minus 2."
femv89.wav,"The x is the input, and 3 x means 3 times x."
qtom8v.wav,"So f of 4 asks for the output when 4 goes in, and we already found it, 10."
11zuv07.wav,"Don't subtract before you multiply."
1cwu3yj.wav,"3 times 4 minus 2 is not 3 times 2. Multiply 3 times 4 first, then take away the 2."
rcop67.wav,"Look at both tables."
1y2o14f.wav,"Plant A gets taller every week. So does Plant B."
c73r5o.wav,"So does going up tell them apart? No."
yh601m.wav,"What matters is how much each one grows every week."
jbk3c5.wav,"When x goes up in equal steps and y changes by the same amount every step, the points make a straight line."
ijk6h2.wav,"Start with Plant A. Each week, x goes up 1."
oeowc9.wav,"The height goes 1, 3, 5, 7."
j2nm9o.wav,"That is up 2, up 2, up 2, the same step every time."
101jxta.wav,"Plot those points, and they sit on one straight line."
186rir9.wav,"Now Plant B. It goes 0, 1, 4, 9."
12zsiy0.wav,"Is that the same step each week? No."
dc3r34.wav,"It goes up 1, then up 3, then up 5, so the points bend upward."
p3kt57.wav,"Plant A grew by the same amount every week, so its points make a straight line."
lahqfo.wav,"A table like that has a name."
1vpnnxu.wav,"We call it linear. Plant B is not linear."
8sgoi5.wav,"Don't compare the y changes before you check the x steps."
1qndrjp.wav,"If x goes up 1 and then up 2, y should go up twice as far the second time. That is still a straight line."
170xj0b.wav,"Look. One is a table, and one is a rule."
8bvwhs.wav,"Ava starts with 10 dollars, and Ben starts with only 2 dollars."
h729vy.wav,"Does that mean Ava grows faster? Not yet. Where you start is not how fast you grow."
8yp6qz.wav,"For each one, find how much it goes up for every 1 step in x, and the bigger number grows faster."
1i05uqd.wav,"Take Ava first. Her savings go 10, 16, 22, 28, one week at a time."
luxeen.wav,"How much is each step? 16 minus 10 equals 6, and every step is 6."
1lfi3q9.wav,"So Ava goes up 6 dollars a week."
rwj6ll.wav,"Now Ben. His rule is y equals 8 x plus 2."
kgdzjo.wav,"Try weeks 0, 1 and 2. He has 2 dollars, then 10 dollars, then 18 dollars."
143qxxh.wav,"Each week adds 8 more, the same 8 that sits in front of x."
pvclhi.wav,"So Ben goes up 8 dollars a week."
1uxt9j.wav,"Now put the two side by side. Ava goes up 6 a week, and Ben goes up 8."
1btn5xn.wav,"Which is bigger? 8 is more than 6."
1a9ba3e.wav,"So Ben grows faster, even though Ava started with more."
1b35dt8.wav,"Don't pick the one that starts higher."
1eojejr.wav,"The plus 2 in Ben's rule is where he starts. The 8 in front of x is how fast he grows."
cqyiqk.wav,"You could add 10 dollars again and again. 35, 45, 55, and on it goes."
si98zf.wav,"But what about 24 months? That is a very long list."
1ouit0v.wav,"Is there a faster way? Yes. One rule can do it in one line."
yfbv20.wav,"The amount that repeats goes in front of x, and the amount paid once is added on."
17eltdt.wav,"Start with the 25 dollars. You pay it one time, when you join."
1r6j81s.wav,"So at 0 months, before any month has gone by, you have already paid 25 dollars."
wuuyt.wav,"Now the part that repeats. Every month adds another 10 dollars."
xrqvhe.wav,"So x months add 10 times x, and we write that as 10 x."
1fg0k72.wav,"Does it work? Try 3 months. 10 times 3 equals 30, and 30 plus 25 equals 55."
nspezw.wav,"Now put the two pieces together. The cost is 10 times the months, plus 25."
1qc6jaz.wav,"With y for the cost and x for the months, that is y equals 10 x plus 25."
1ybtk5c.wav,"And 24 months? 10 times 24 plus 25 equals 265. One line, and it is done."
1cx1oyu.wav,"Don't multiply the 25 dollars by the months."
cmli8l.wav,"You pay the 25 dollars once, so it is added on. The 10 dollars is what repeats, so 10 goes in front of x."
1azedmc.wav,"There is no rule here to put numbers into."
1au48t6.wav,"So how can a graph tell a story?"
l8og4i.wav,"You read its shape, one piece at a time."
11m78he.wav,"Read the graph from left to right, where up means growing, down means shrinking, and flat means staying the same."
dp1nyp.wav,"Start at the left. From hour 0 to hour 2, the graph climbs to 6 miles."
b9vabb.wav,"What does that mean for Sam?"
1y03ddu.wav,"His distance from home is growing, so he is riding away."
xo03vs.wav,"Next piece. From hour 2 to hour 4, the graph stays flat at 6 miles."
p5ii85.wav,"Is Sam getting any farther from home? No."
15jiafe.wav,"His distance is not changing, so he has stopped for a rest."
uim80y.wav,"From hour 4 to hour 6 it climbs again, but only 2 miles."
17u0e6u.wav,"From hour 0 to hour 2 it climbed 6. Steeper means faster."
1pxr84t.wav,"Then from hour 6 to hour 10 it goes down to 0, because Sam is riding home."
1en9nax.wav,"The graph is not a picture of a hill."
1klcgu1.wav,"Going down does not mean Sam rides downhill. It means he is getting closer to home."
148dnkt.wav,"You could just drag it across and hope it lands right."
1bs512b.wav,"But where exactly does it land? Hoping can't tell you."
1sugu6w.wav,"You need the new spot of every single corner."
9a1g20.wav,"In a slide, every point moves the same distance in the same direction."
bynjw0.wav,"Take corner A. It starts at 1, 1."
1r3cwcy.wav,"Move it 4 to the right, and x goes from 1 up to 5."
1sl6syq.wav,"Move it 2 up, and y goes from 1 up to 3."
13deq5.wav,"So A lands on 5, 3. We call that new point A prime."
17ai4ac.wav,"The other two corners do the same thing."
yklt4.wav,"B at 3, 1 goes to 7, 3. C at 1, 3 goes to 5, 5."
126spzx.wav,"Every corner went 4 right and 2 up."
1ezn2wh.wav,"Nothing stretched and nothing turned, so it is the same triangle, just moved."
1ijpgiz.wav,"Is there a rule that works for every point? Yes."
1n06mo2.wav,"Right adds to x, and left takes away from x."
1aa46bu.wav,"Up adds to y, and down takes away from y."
104zhbx.wav,"So for 4 right and 2 up, every point x, y becomes x plus 4, y plus 2."
jflh0k.wav,"Don't add the right move to y. Right and left change x, the first number."
1jsdnrv.wav,"Up and down change y, the second one."
t6n7l3.wav,"So 4 right and 2 up takes 1, 1 to 5, 3. Not to 3, 5."
2pqm7h.wav,"Could we just slide the triangle straight down?"
z27c5d.wav,"Look. It comes out the same way up."
9qotuu.wav,"But the picture in the water is upside down, so a slide can't make it."
l770x.wav,"Flip over the x-axis and the y changes sign, flip over the y-axis and the x changes sign."
19xlhai.wav,"Look at corner A, at 2, 1. It sits 1 square above the x-axis."
ocfkwv.wav,"Its picture sits 1 square below, straight down. Same distance, other side."
1cvahvf.wav,"So A at 2, 1 becomes A prime at 2, negative 1."
11p1x4e.wav,"The other corners do the same."
mfzpgs.wav,"B at 4, 1 drops to 4, negative 1. C at 2, 3 drops to 2, negative 3."
1ymkqr.wav,"Look down the list. Every x stayed the same, and every y flipped its sign."
ijpy17.wav,"Now flip the same triangle the other way, over the y-axis."
ycc4nu.wav,"It swings across to the left. A at 2, 1 lands on negative 2, 1."
hbd2qd.wav,"This time y stays put, and it is x that changes sign."
1oy256k.wav,"A flip over the x-axis does not change x."
b3qmw7.wav,"The point moves straight down, so only the y changes."
xr1r6m.wav,"So 2, 1 becomes 2, negative 1, not negative 2, 1."
1k9rnm2.wav,"Can we just count squares, like a slide?"
1u8pw3q.wav,"No. Each corner swings around the point 0, 0 on its own circle."
1nkng6n.wav,"A corner far from the center travels farther than a close one, so no single count works."
19413nd.wav,"A quarter turn counterclockwise around the point 0, 0 sends x, y to negative y, x."
18shum7.wav,"Follow corner A, at 3, 1. That is 3 right and 1 up from the center."
258556.wav,"Turn that arm a quarter turn, the way a clock hand goes backward."
1jh2mbx.wav,"Now it points 1 left and 3 up. So A prime is at negative 1, 3."
rbz0p2.wav,"Look at what happened to the numbers."
115gpm.wav,"They swapped places, and then the new first number changed sign."
cdzac7.wav,"Check B. 4, 1 swaps to 1, 4, and the sign change gives negative 1, 4."
1wxfas4.wav,"C at 3, 3 goes to negative 3, 3. Same rule."
fkfows.wav,"Now turn twice as far, until the board faces the other way."
snpoi0.wav,"That is a half turn, 180 degrees."
12zu4e6.wav,"Nothing swaps this time. Both signs change."
ho3asu.wav,"So A at 3, 1 goes to negative 3, negative 1."
ghs966.wav,"Don't just swap the numbers and stop."
1gwmvmc.wav,"A swap is only half the job."
1nwuu33.wav,"Change the sign of the new first number, so 3, 1 goes to negative 1, 3."
qkcz8n.wav,"What if we just add 2 to every number?"
1h6ay7x.wav,"Look. The triangle only slides over. It is the same size as before."
v1lxvk.wav,"But we want every side twice as long."
1ir38tp.wav,"To stretch a shape from the point 0, 0, multiply both coordinates of every point by the same number."
1p5bp92.wav,"Start with corner A, at 2, 1."
ft94ho.wav,"Multiply both numbers by 2, and you get 4, 2."
1r0mhri.wav,"A prime lands on the same straight line out from the point 0, 0, just twice as far along it."
4k13cn.wav,"Do the same to the other two."
1pxv0qo.wav,"B at 4, 1 doubles to 8, 2. C at 2, 3 doubles to 4, 6."
2x2jdi.wav,"Now measure a side. The bottom was 2 squares long, and now it is 4."
1jli1br.wav,"Every side is twice as long."
c4rdtw.wav,"Can the same move shrink a shape? Yes."
j1xyiu.wav,"Multiply by one half, and 8, 2 goes right back to 4, 1."
jpgxfs.wav,"A number bigger than 1 grows the shape. A number smaller than 1 shrinks it."
r8seqr.wav,"Twice as big does not mean add 2."
153ysaq.wav,"Adding 2 to 2, 1 gives 4, 3, and that only slides it."
9d43p7.wav,"Multiply both numbers, so 2, 1 becomes 4, 2."
pqve10.wav,"Did every side just grow by the same amount? Let's test it."
134megi.wav,"The bottom went from 4 to 8. That is 4 more."
vdhnfs.wav,"But the 3 foot side went to 6, and that is only 3 more."
10mhqme.wav,"Different amounts, so adding is not what happened."
chvsjt.wav,"Triangles with the same angles have every side multiplied by the same number."
ajcy90.wav,"Look at the corners first, not the sides."
1yrwdd1.wav,"Each corner of the big sign has the same angle as a corner of the small one."
1ib3l0k.wav,"So each big side matches the small side in the same place."
1uimbun.wav,"Pick a pair where you know both sides, the bottoms, 4 and 8."
4ntsfv.wav,"8 divided by 4 equals 2, so the big side is 2 times as long."
12xh6c8.wav,"Check a second pair. 3 times 2 equals 6, and the big sign says 6."
b0zg0k.wav,"Now the side we came for."
1lkod61.wav,"It matches the 2 foot side on the small sign."
yfm255.wav,"So 2 times 2 equals 4. The missing side is 4 feet."
ttejbk.wav,"Don't add the difference you saw."
1s9xysc.wav,"2 plus 4 equals 6 feet gives a sign with a different shape."
1edlihq.wav,"Multiply by 2 every time, so 2 times 2 equals 4 feet."
k98hwb.wav,"Can you climb up and measure that top corner?"
10avr3b.wav,"Not really. It is way up on the roof, and nobody is holding a protractor up there."
za68f5.wav,"So we need a rule that finds the angle without measuring it at all."
88jp69.wav,"The three angles inside a triangle always add to 180 degrees, so the angle outside a corner equals the two far inside angles added."
717t21.wav,"Here is something you can try with paper."
1vgfvjk.wav,"Tear the three corners off a paper triangle, then push their points together."
bytcsl.wav,"They line up. Every time, they make one straight line, and a straight line is 180 degrees."
1wzvp9j.wav,"So back to the roof. Add the two angles you know, 50 plus 60 equals 110."
7m4x6j.wav,"How much is left over out of 180? 180 minus 110 equals 70."
y11y0p.wav,"The top angle is 70 degrees."
1xsibth.wav,"Now stretch the bottom side out past the 60 degree corner."
1k5e34c.wav,"The angle that opens up outside is 180 minus 60 equals 120 degrees."
1li8f12.wav,"Look. That is exactly the two far angles added together, 50 plus 70 equals 120."
1ynjshn.wav,"Don't stop at 50 plus 60 equals 110."
zdcjz9.wav,"That is two angles together, not the third one. Take it away from 180 degrees, and you get 70 degrees."
fauka4.wav,"Can you just add them? 4 plus 3 equals 7."
1kajcm7.wav,"But 7 is the walk along two edges, the long way around the corner."
1dldl9q.wav,"The path straight across cuts the corner off, so it has to be shorter than 7."
xdbl9w.wav,"In a right triangle, square the two short sides and add them, and you get the square of the long side."
vjanxa.wav,"Watch this. Draw a square out from each side of the triangle."
yqyr2k.wav,"The square on the 3 side holds 3 times 3 equals 9 little squares."
1p8576e.wav,"The one on the 4 side holds 4 times 4 equals 16."
1kao2wz.wav,"Now tip those two squares into the big one on the long side."
llvlvq.wav,"9 plus 16 equals 25."
1t90guc.wav,"The big square holds exactly 25 little squares. Not one over, not one short."
d12zrt.wav,"So the long side, squared, is 25. Which number times itself makes 25?"
ktg02g.wav,"5 times 5 equals 25."
1xrwcn8.wav,"So the path straight across the park is 5 blocks."
1rjk5zt.wav,"Don't add the sides."
nnxmef.wav,"3 plus 4 equals 7 is the walk around the corner. Add their squares instead, then undo the square, and you get 5."
1gi165v.wav,"Careful. Something has changed."
1ko8ppx.wav,"Last time you knew the two short sides. This time the ladder is the long side, and you already know it."
fvfpd5.wav,"So do you add the squares again? No. That would make the wall taller than the ladder itself."
1usvgp1.wav,"When you already know the long side, take the short side's square away from the long side's square, then undo the square."
1b2f9sv.wav,"Build the squares again, the same way as before."
kij3v0.wav,"The square on the 5 meter ladder holds 5 times 5 equals 25. The square on the 3 meter ground holds 3 times 3 equals 9."
x3h7s4.wav,"The square on the wall is the one we are hunting for."
y7ypyb.wav,"The two small squares fill the big one exactly."
1ph5977.wav,"So the missing square is whatever is left when you take 9 out of 25."
1ffkfpp.wav,"25 minus 9 equals 16."
xfmun.wav,"Now undo the square. Which number times itself makes 16?"
zh53zi.wav,"4 times 4 equals 16."
1itnvep.wav,"So the ladder reaches 4 meters up the wall."
29nxo8.wav,"Don't add when you already know the long side."
q58a23.wav,"25 plus 9 equals 34 makes the wall taller than the ladder. Take away instead."
1v75s89.wav,"Draw the straight path in, and look at it closely."
1p9x1n7.wav,"It runs on a slant, cutting across the squares right through their middles."
19ni6u7.wav,"So can you count squares along it to get its length? No. A slant does not match the grid."
vy2ui7.wav,"Draw a right triangle between the two points, count its two short sides on the grid, then find the long side."
tybr3m.wav,"Start at 1, 1 and go straight across, then turn and go straight up to 4, 5."
12pdyw8.wav,"Now look at the corner where the two paths meet."
cefmwz.wav,"It is a square corner, so what you have drawn is a right triangle."
fx0822.wav,"Now measure the two short sides. You can take away instead of counting."
1wsmzut.wav,"Across, 4 minus 1 equals 3. Up, 5 minus 1 equals 4."
o6y1ja.wav,"So the short sides are 3 miles and 4 miles."
1n19kyh.wav,"Now it is the same job as last time."
cg4adn.wav,"Square them and add, 9 plus 16 equals 25. Which number times itself makes 25?"
1yg1c15.wav,"5 times 5 equals 25, so the two towns are 5 miles apart."
lmcuqr.wav,"Don't add the two sides."
59plwj.wav,"3 plus 4 equals 7 is the walk along the grid lines, around the corner. The straight line is 5 miles."
14fxg4a.wav,"In a box, you could stack little cubes and just count them."
1spmv4t.wav,"A can is round, though."
vmouw2.wav,"Push cubes against the curved side, and you get gaps."
ilaov4.wav,"So how do you measure a space that is round?"
8fgbkf.wav,"A cylinder is a stack of circles, so find the area of one circle and multiply by the height."
17vq42b.wav,"Start with the circle on the bottom."
471pan.wav,"From the center to the edge is 2 inches, so the radius is 2."
dy5c6t.wav,"The area of a circle is three point one four times the radius times the radius."
1od63k9.wav,"Three point one four times 2 times 2 is twelve point five six square inches, one flat layer."
q7o9i.wav,"Now stack that circle up the can."
v70vaj.wav,"Each inch of height adds a layer of twelve point five six."
1ibzlss.wav,"How many layers fit? The can is 5 inches tall, so 5 layers."
1163uet.wav,"One layer is twelve point five six. We want 5."
7uyc92.wav,"Twelve point five six times 5 is sixty-two point eight."
mx18o9.wav,"In one go, that is three point one four times 2 times 2 times 5, the circle, then the height."
1pc5kn0.wav,"So your can holds sixty-two point eight cubic inches of soup."
lwzot6.wav,"Don't use the distance all the way across."
1kr86yp.wav,"This can is 4 inches across, but the rule wants the radius, half of that, 2 inches."
1g0b364.wav,"Look down this cup from the top."
13zbq5u.wav,"Its circles get smaller and smaller, until they shrink to a point."
lt928l.wav,"So can you stack one circle, like in a can? No."
1g52kxc.wav,"Every layer is a different size."
cc66ke.wav,"A cone holds one third of the cylinder with the same bottom and height, so find the cylinder and divide by 3."
1a3ik9b.wav,"Try this for real."
1pmfrz4.wav,"Fill the cone with water, and pour it into a cylinder with the same bottom and height."
ejkusi.wav,"How full is the cylinder after one pour? Only a third."
qf3yr5.wav,"It takes 3 whole cones to fill it."
1s6lejo.wav,"So forget the cone for a moment."
16qu632.wav,"Build the cylinder with the same bottom and height."
154673f.wav,"The circle is three point one four times 3 times 3, and the height is 4."
11r27v.wav,"Three point one four times 3 times 3 times 4 is one hundred thirteen point zero four cubic centimeters."
1ys9ftk.wav,"Now bring the cone back."
7ut7ax.wav,"It holds one third of what that cylinder holds."
14d50uc.wav,"So we divide by 3. One hundred thirteen point zero four divided by 3 is thirty-seven point six eight."
9w8gx.wav,"Your paper cup holds thirty-seven point six eight cubic centimeters of water."
301pf4.wav,"Don't stop once you have the cylinder."
1gakrg0.wav,"A cone holds only one third of it, so divide by 3 at the end."
19ctsxr.wav,"A ball has no flat bottom and no straight height."
19khlqp.wav,"So the can rule has nothing to hold on to."
j6d3st.wav,"How do we find what fits inside, then? We get help from a can."
16aendu.wav,"A ball holds two thirds of the can that fits snugly around it, so its volume is four thirds times three point one four times radius times radius times radius."
x0zlvh.wav,"Look. Picture the smallest can this ball fits inside."
1yy9e3e.wav,"Its radius is the same as the ball's, 3 inches."
15jmjth.wav,"And how tall is it? The whole way across the ball, so 3 times 2 equals 6 inches."
8p8u74.wav,"Fill the can with water, then push the ball in."
14mojdd.wav,"The water that spills out is as big as the ball."
1akley4.wav,"How much spills? Two thirds of the can. One third stays in."
3mjvet.wav,"The can first. Three point one four times 3 times 3 times 6 equals one hundred sixty-nine point five six."
1e5gyvp.wav,"The ball is two thirds of that. One hundred sixty-nine point five six, divided by 3, times 2, equals one hundred thirteen point zero four."
ucrn3j.wav,"Is there a faster way? Yes. Four thirds times three point one four times 3 times 3 times 3 gives the same one hundred thirteen point zero four."
1hz20ju.wav,"So the ball holds one hundred thirteen point zero four cubic inches."
h5w3i2.wav,"Don't use the radius only twice, the way you would for a flat circle."
1b6bbb3.wav,"A ball is round every way, so the radius goes in three times."
1xa0qn.wav,"Is there one rule for this whole thing? No."
16dx744.wav,"So split it into two parts."
1rteyux.wav,"The bottom is a cone."
ho843a.wav,"The scoop on top is half of a ball."
1xaveq3.wav,"Name each shape, use its own rule, and add the pieces."
1hc9njo.wav,"Take the cone first."
cyayti.wav,"It is one third of a can with the same bottom and the same height."
1u9radt.wav,"One third times three point one four times 3 times 3 times 4 equals thirty-seven point six eight."
3k5s4q.wav,"Now the scoop. Find a whole ball first."
y60kq0.wav,"Four thirds times three point one four times 3 times 3 times 3 equals one hundred thirteen point zero four."
14uw4s7.wav,"But only half a ball sits on top, so halve it."
ld5j9o.wav,"One hundred thirteen point zero four, divided by 2, equals fifty-six point five two."
11xewk6.wav,"Two pieces, two numbers."
c1h347.wav,"Thirty-seven point six eight from the cone, and fifty-six point five two from the scoop."
1lk9xrd.wav,"Add them. Thirty-seven point six eight plus fifty-six point five two equals ninety-four point two."
185u4hh.wav,"So there are ninety-four point two cubic centimeters of ice cream in all."
16s7mg.wav,"Don't add a whole ball when only half of one sits on top."
effi9d.wav,"Halve it first, then add. Thirty-seven point six eight plus fifty-six point five two equals ninety-four point two."
o2lc5f.wav,"Can two students settle it? Look at these two."
1vozsjf.wav,"This one studied 2 hours and got 70. This one studied an hour more and got 68."
yl76i4.wav,"So two dots can show almost anything."
9i56a.wav,"Read the whole cloud from left to right, and if it rises the pattern is positive, but if it falls it is negative."
k978rk.wav,"Now read this cloud left to right."
1gzki4j.wav,"At 1 hour the scores are 55 and 60. At 6 hours, 92."
npysff.wav,"Do the scores climb as the hours go up? Yes, so this pattern is positive."
1lqze0i.wav,"Not every cloud rises. More screen time goes with less sleep."
10r72al.wav,"These dots fall, so the pattern is negative."
1c3e9mu.wav,"And shoe size against test score? The dots are scattered everywhere."
s4hedd.wav,"No rise and no fall means no pattern at all."
18phwb9.wav,"Look at this one, way up here. 1 hour of study, and a score of 95."
14tzos.wav,"It sits far from the others. Does it change the pattern?"
fa8v3n.wav,"No. Notice it, but read the whole cloud, and this cloud still rises."
9g2sh7.wav,"When the dots fall, don't call it no pattern."
1u28j1d.wav,"Falling dots are a pattern, a negative one. No pattern means no rise and no fall."
kpssag.wav,"Here is a line that rises, just like the dots. Is it a good fit?"
1nxilz9.wav,"Look underneath it. All 10 dots sit below it."
rv1gzx.wav,"It rises the right way, but it misses where the students really are."
sxvdkp.wav,"A line that fits runs through the middle of the cloud, with about as many dots above it as below it."
aeiixy.wav,"Let's build a better one. First, tilt the line the way the dots go."
1gpzpn9.wav,"Then slide it down until it runs right through the middle of the cloud."
kt8y89.wav,"Now count with me. How many dots sit above the line? 5."
hc91u4.wav,"And below it? 5 again."
s5gc76.wav,"5 and 5 is balanced, so this line sits right in the middle."
k58l9m.wav,"Our line goes through the point 0, 50 and the point 6, 92. How steep is it?"
17bjtll.wav,"The rise is 92 minus 50, which is 42. The run is 6 minus 0, which is 6."
1lud4iw.wav,"42 divided by 6 is 7. So the slope is 7, about 7 more points for every extra hour."
1w8s2pu.wav,"Don't pick a line just because it rises like the dots."
srtfal.wav,"Count the dots above it and below it, and move it until they balance."
1k1oej0.wav,"Find 6 hours along the bottom. Is there a dot to read?"
1gumr47.wav,"No. Nobody in this class studied that long."
1x1jh4l.wav,"And a guess is not a plan, so we need the line itself."
1ohin6r.wav,"The line is a rule, so put the x value into its equation and the y value you get is your prediction."
1yao54h.wav,"Where does the line start, at 0 hours? At 50."
16uj144.wav,"From there it climbs 5 points for every hour."
6i12fo.wav,"So its equation is y equals 5 x plus 50."
inr92f.wav,"Maya studies 6 hours, so 6 goes in for x."
1n20kpo.wav,"5 times 6 is 30. Then 30 plus 50 is 80."
1kv284k.wav,"So we predict a score of 80 for her."
7hjb79.wav,"What do the two numbers mean?"
1nn1pp9.wav,"The 5 means about 5 more points for every extra hour."
zon6q9.wav,"The 50 is where the line starts, the score at 0 hours."
1liktjv.wav,"Don't stop at 5 times 6. That 30 is only the extra points from studying."
1hrq6xv.wav,"Add the 50 the line starts at, and you get 80."
1a4f895.wav,"Here is what we know so far."
14kbe5t.wav,"27 students like pizza, and 20 students are in grade 7."
1ffbytu.wav,"So how many grade 7 students like pizza? Those two counts cannot tell you."
146ihwn.wav,"Put one question in the rows and one in the columns, so each box counts the people who fit both."
qnxcx0.wav,"Let's fill one box together."
12sf627.wav,"12 students are in grade 7 and they like pizza."
1yyhc7r.wav,"Where does that 12 go? Right where the Grade 7 row meets the Likes pizza column."
1ut24tp.wav,"Now check each row. It has to add up to its own total."
1ac5zcs.wav,"In grade 7, 12 and 8 make 20."
nlnoih.wav,"In grade 8, 15 and 5 make 20 as well."
in74yu.wav,"Does it work going down, too? Yes."
dzjszf.wav,"Down the Likes pizza column, 12 and 15 make 27."
1x64r3m.wav,"Down the Does not column, 8 and 5 make 13."
1svrwmj.wav,"And 27 and 13 make 40, the same 40 you get from 20 and 20."
su63dd.wav,"Don't add a row total to a column total."
1wfxcvb.wav,"The 12 grade 7 pizza fans are in both, so they get counted twice."
1c2rxxy.wav,"Add the two row totals instead. 20 and 20 make all 40."
1xpi8su.wav,"15 is more than 12, sure. But look at the row totals."
2uupnq.wav,"Grade 8 has 30 students, and grade 7 has only 20."
1oo3k1j.wav,"So is 15 out of 30 really more than 12 out of 20? The counts alone cannot tell us."
8g1doq.wav,"Divide each count by the total of its own group, and then groups of different sizes compare fairly."
cm6rok.wav,"Start with grade 7. 12 of their 20 students like pizza."
y9rpxa.wav,"Divide 12 by 20 and you get zero point six."
jxvofy.wav,"That is 60 out of every 100, so 60 percent."
p88orp.wav,"Now grade 8. 15 of their 30 students like pizza."
1tbno5a.wav,"Divide 15 by 30 and you get zero point five, or 50 percent."
1jz6nsc.wav,"So which grade likes pizza more? Grade 7, even though its count was smaller."
1sb46az.wav,"Here is a different question. Of the students who like pizza, what part are in grade 7?"
1h3l8op.wav,"Now we divide by the Likes pizza column total, 27."
1u6vpu6.wav,"So it is 12 out of 27, which simplifies to four ninths."
v23g6v.wav,"When the question asks about grade 7 students, don't divide by all 50 students."
n5efej.wav,"Divide by the Grade 7 row total, 20, and you get 60 percent."
